word,ipa,freq
the,ð ə,69971
of,ʌ v,36412
and,ə n d,28853
to,t u,26158
a,ə,23195
in,ɪ n,21337
that,ð æ t,10594
is,ɪ z,10109
was,w ɑ z,9815
he,h i,9548
for,f ɔ ɹ,9489
it,ɪ t,8760
with,w ɪ ð,7289
as,æ z,7253
his,h ɪ z,6996
on,ɑ n,6741
be,b i,6377
at,æ t,5372
by,b aɪ,5306
i,aɪ,5164
this,ð ɪ s,5145
had,h æ d,5133
not,n ɑ t,4610
are,ɑ ɹ,4394
but,b ʌ t,4381
from,f ɹ ʌ m,4370
or,ɔ ɹ,4206
have,h æ v,3942
an,æ n,3740
they,ð eɪ,3620
which,w ɪ tʃ,3561
one,w ʌ n,3292
you,j u,3286
were,w ɝ,3284
her,h ɝ,3036
all,ɔ l,3001
she,ʃ i,2860
there,ð ɛ ɹ,2728
would,w ʊ d,2714
their,ð ɛ ɹ,2669
we,w i,2652
him,h ɪ m,2619
been,b ɪ n,2472
has,h æ z,2437
when,w ɛ n,2331
who,h u,2252
will,w ɪ l,2245
more,m ɔ ɹ,2215
if,ɪ f,2198
no,n oʊ,2139
out,aʊ t,2097
so,s oʊ,1985
said,s ɛ d,1961
what,w ʌ t,1908
up,ʌ p,1890
its,ɪ t s,1858
about,ə b aʊ t,1815
into,ɪ n t u,1791
than,ð æ n,1790
them,ð ɛ m,1788
can,k æ n,1772
only,oʊ n l i,1748
other,ʌ ð ɝ,1702
new,n u,1635
some,s ʌ m,1618
could,k ʊ d,1601
time,t aɪ m,1598
these,ð i z,1573
two,t u,1412
may,m eɪ,1402
then,ð ɛ n,1380
do,d u,1363
first,f ɝ s t,1361
any,ɛ n i,1344
my,m aɪ,1318
now,n aʊ,1314
such,s ʌ tʃ,1303
like,l aɪ k,1292
our,aʊ ɝ,1252
over,oʊ v ɝ,1236
man,m æ n,1207
me,m i,1181
even,i v ɪ n,1170
most,m oʊ s t,1159
made,m eɪ d,1125
after,æ f t ɝ,1069
also,ɔ l s oʊ,1069
did,d ɪ d,1044
many,m ɛ n i,1030
before,b ɪ f ɔ ɹ,1016
must,m ʌ s t,1013
through,θ ɹ u,971
back,b æ k,966
years,j ɪ ɹ z,950
much,m ʌ tʃ,937
where,w ɛ ɹ,937
your,j ɔ ɹ,923
way,w eɪ,908
well,w ɛ l,897
down,d aʊ n,895
should,ʃ ʊ d,888
because,b ɪ k ɔ z,883
each,i tʃ,877
just,dʒ ʌ s t,872
those,ð oʊ z,850
people,p i p ə l,847
how,h aʊ,834
too,t u,834
little,l ɪ t ə l,831
state,s t eɪ t,807
good,ɡ ʊ d,806
very,v ɛ ɹ i,796
make,m eɪ k,794
world,w ɝ l d,787
still,s t ɪ l,782
own,oʊ n,772
see,s i,772
men,m ɛ n,763
work,w ɝ k,762
long,l ɔ ŋ,752
here,h i ɹ,750
get,ɡ ɛ t,749
between,b ɪ t w i n,730
both,b oʊ θ,730
life,l aɪ f,715
being,b i ɪ ŋ,712
under,ʌ n d ɝ,707
never,n ɛ v ɝ,697
day,d eɪ,687
same,s eɪ m,686
another,ə n ʌ ð ɝ,684
know,n oʊ,683
while,w aɪ l,680
last,l æ s t,676
us,ʌ s,675
might,m aɪ t,672
great,ɡ ɹ eɪ t,665
old,oʊ l d,661
year,j ɪ ɹ,658
off,ɔ f,639
come,k ʌ m,630
since,s ɪ n s,628
against,ə ɡ ɛ n s t,627
go,ɡ oʊ,626
came,k eɪ m,622
right,ɹ aɪ t,613
used,j u z d,611
take,t eɪ k,610
three,θ ɹ i,610
himself,h ɪ m s ɛ l f,603
states,s t eɪ t s,603
few,f j u,601
house,h aʊ s,591
use,j u s,591
during,d ʊ ɹ ɪ ŋ,585
without,w ɪ θ aʊ t,583
again,ə ɡ ɛ n,577
place,p l eɪ s,570
american,ə m ɛ ɹ ə k ə n,569
around,ɝ aʊ n d,562
however,h aʊ ɛ v ɝ,552
home,h oʊ m,547
small,s m ɔ l,542
found,f aʊ n d,536
thought,θ ɔ t,517
went,w ɛ n t,507
say,s eɪ,504
part,p ɑ ɹ t,500
once,w ʌ n s,499
general,dʒ ɛ n ɝ ə l,498
high,h aɪ,497
upon,ə p ɑ n,495
school,s k u l,493
every,ɛ v ɝ i,491
does,d ʌ z,485
got,ɡ ɑ t,482
united,j u n aɪ t ə d,482
left,l ɛ f t,480
number,n ʌ m b ɝ,472
course,k ɔ ɹ s,465
war,w ɔ ɹ,464
until,ə n t ɪ l,461
always,ɔ l w eɪ z,458
away,ə w eɪ,456
something,s ʌ m θ ɪ ŋ,450
fact,f æ k t,447
water,w ɔ t ɝ,445
though,ð oʊ,440
public,p ʌ b l ɪ k,438
less,l ɛ s,437
put,p ʊ t,437
think,θ ɪ ŋ k,433
almost,ɔ l m oʊ s t,432
hand,h æ n d,431
enough,ɪ n ʌ f,430
far,f ɑ ɹ,426
took,t ʊ k,426
head,h ɛ d,424
yet,j ɛ t,419
government,ɡ ʌ v ɝ m ə n t,418
system,s ɪ s t ə m,416
better,b ɛ t ɝ,414
set,s ɛ t,414
told,t oʊ l d,413
night,n aɪ t,411
nothing,n ʌ θ ɪ ŋ,411
end,ɛ n d,409
why,w aɪ,404
called,k ɔ l d,401
eyes,aɪ z,401
find,f aɪ n d,400
going,ɡ oʊ ɪ ŋ,399
look,l ʊ k,399
asked,æ s k t,398
later,l eɪ t ɝ,397
knew,n u,395
point,p ɔɪ n t,395
next,n ɛ k s t,394
program,p ɹ oʊ ɡ ɹ æ m,394
business,b ɪ z n ə s,393
city,s ɪ t i,393
group,ɡ ɹ u p,390
give,ɡ ɪ v,389
toward,t ə w ɔ ɹ d,386
young,j ʌ ŋ,385
days,d eɪ z,384
let,l ɛ t,384
room,ɹ u m,384
president,p ɹ ɛ z ə d ɛ n t,382
side,s aɪ d,381
social,s oʊ ʃ ə l,380
given,ɡ ɪ v ə n,377
present,p ɹ ɛ z ə n t,377
several,s ɛ v ɹ ə l,377
order,ɔ ɹ d ɝ,376
national,n æ ʃ ə n ə l,375
possible,p ɑ s ə b ə l,374
rather,ɹ æ ð ɝ,373
second,s ɛ k ə n d,373
face,f eɪ s,371
per,p ɝ,371
among,ə m ʌ ŋ,370
form,f ɔ ɹ m,370
important,ɪ m p ɔ ɹ t ə n t,369
often,ɔ f ə n,369
things,θ ɪ ŋ z,368
looked,l ʊ k t,367
early,ɝ l i,366
white,w aɪ t,365
case,k eɪ s,362
john,dʒ ɑ n,362
large,l ɑ ɹ dʒ,361
big,b ɪ ɡ,360
four,f ɔ ɹ,360
need,n i d,360
become,b ɪ k ʌ m,359
within,w ɪ ð ɪ n,359
felt,f ɛ l t,357
along,ə l ɔ ŋ,355
children,tʃ ɪ l d ɹ ə n,355
saw,s ɔ,352
best,b ɛ s t,351
church,tʃ ɝ tʃ,348
ever,ɛ v ɝ,344
least,l i s t,343
power,p aʊ ɝ,342
development,d ɪ v ɛ l ə p m ə n t,334
light,l aɪ t,333
seemed,s i m d,333
thing,θ ɪ ŋ,333
family,f æ m ə l i,331
interest,ɪ n t ɹ ə s t,330
want,w ɑ n t,328
members,m ɛ m b ɝ z,325
mind,m aɪ n d,325
area,ɛ ɹ i ə,324
country,k ʌ n t ɹ i,324
others,ʌ ð ɝ z,323
although,ɔ l ð oʊ,321
turned,t ɝ n d,320
done,d ʌ n,319
open,oʊ p ə n,318
god,ɡ ɑ d,316
service,s ɝ v ə s,315
certain,s ɝ t ə n,313
kind,k aɪ n d,313
problem,p ɹ ɑ b l ə m,313
began,b ɪ ɡ æ n,312
different,d ɪ f ɝ ə n t,312
door,d ɔ ɹ,312
thus,ð ʌ s,312
help,h ɛ l p,311
sense,s ɛ n s,311
means,m i n z,310
whole,h oʊ l,309
matter,m æ t ɝ,308
perhaps,p ɝ h æ p s,307
itself,ɪ t s ɛ l f,304
york,j ɔ ɹ k,302
times,t aɪ m z,300
human,h j u m ə n,299
law,l ɔ,299
line,l aɪ n,298
above,ə b ʌ v,296
name,n eɪ m,294
example,ɪ ɡ z æ m p ə l,292
action,æ k ʃ ə n,291
company,k ʌ m p ə n i,290
hands,h æ n d z,289
local,l oʊ k ə l,288
show,ʃ oʊ,288
five,f aɪ v,286
history,h ɪ s t ɝ i,286
whether,w ɛ ð ɝ,286
gave,ɡ eɪ v,285
either,i ð ɝ,284
today,t ə d eɪ,284
act,æ k t,283
feet,f i t,283
across,ə k ɹ ɔ s,282
past,p æ s t,281
quite,k w aɪ t,281
taken,t eɪ k ə n,281
anything,ɛ n i θ ɪ ŋ,280
having,h æ v ɪ ŋ,279
seen,s i n,279
death,d ɛ θ,277
body,b ɑ d i,276
experience,ɪ k s p ɪ ɹ i ə n s,276
half,h æ f,275
really,ɹ ɪ l i,275
week,w i k,275
car,k ɑ ɹ,274
field,f i l d,274
word,w ɝ d,274
words,w ɝ d z,274
already,ɔ l ɹ ɛ d i,273
themselves,ð ɛ m s ɛ l v z,270
information,ɪ n f ɝ m eɪ ʃ ə n,269
shall,ʃ æ l,268
tell,t ɛ l,268
college,k ɑ l ɪ dʒ,267
together,t ə ɡ ɛ ð ɝ,267
money,m ʌ n i,265
period,p ɪ ɹ i ə d,265
held,h ɛ l d,264
keep,k i p,264
sure,ʃ ʊ ɹ,263
probably,p ɹ ɑ b ə b l i,261
free,f ɹ i,259
seems,s i m z,259
behind,b ɪ h aɪ n d,258
cannot,k æ n ɑ t,258
political,p ə l ɪ t ə k ə l,258
real,ɹ i l,258
air,ɛ ɹ,257
question,k w ɛ s tʃ ə n,257
making,m eɪ k ɪ ŋ,255
office,ɔ f ə s,255
brought,b ɹ ɔ t,253
miss,m ɪ s,253
whose,h u z,251
special,s p ɛ ʃ ə l,250
heard,h ɝ d,247
major,m eɪ dʒ ɝ,247
problems,p ɹ ɑ b l ə m z,247
ago,ə ɡ oʊ,246
became,b ɪ k eɪ m,246
federal,f ɛ d ɝ ə l,246
moment,m oʊ m ə n t,246
study,s t ʌ d i,246
available,ə v eɪ l ə b ə l,245
known,n oʊ n,245
result,ɹ ɪ z ʌ l t,244
street,s t ɹ i t,244
economic,ɛ k ə n ɑ m ɪ k,243
boy,b ɔɪ,242
position,p ə z ɪ ʃ ə n,241
reason,ɹ i z ə n,241
change,tʃ eɪ n dʒ,240
south,s aʊ θ,240
board,b ɔ ɹ d,239
individual,ɪ n d ə v ɪ dʒ ə w ə l,239
job,dʒ ɑ b,238
am,æ m,237
society,s ə s aɪ ə t i,237
areas,ɛ ɹ i ə z,236
west,w ɛ s t,235
close,k l oʊ s,234
turn,t ɝ n,233
community,k ə m j u n ə t i,231
love,l ʌ v,231
true,t ɹ u,231
court,k ɔ ɹ t,230
force,f ɔ ɹ s,230
full,f ʊ l,230
cost,k ɑ s t,229
seem,s i m,229
wife,w aɪ f,228
age,eɪ dʒ,227
future,f j u tʃ ɝ,227
voice,v ɔɪ s,226
wanted,w ɑ n t ə d,226
department,d ɪ p ɑ ɹ t m ə n t,225
center,s ɛ n t ɝ,224
woman,w ʊ m ə n,224
common,k ɑ m ə n,223
control,k ə n t ɹ oʊ l,223
necessary,n ɛ s ə s ɛ ɹ i,222
policy,p ɑ l ə s i,222
following,f ɑ l oʊ ɪ ŋ,221
front,f ɹ ʌ n t,221
sometimes,s ə m t aɪ m z,221
girl,ɡ ɝ l,220
six,s ɪ k s,220
clear,k l ɪ ɹ,219
further,f ɝ ð ɝ,218
land,l æ n d,218
able,eɪ b ə l,216
feel,f i l,216
mother,m ʌ ð ɝ,216
music,m j u z ɪ k,216
party,p ɑ ɹ t i,216
provide,p ɹ ə v aɪ d,216
education,ɛ dʒ ə k eɪ ʃ ə n,214
university,j u n ə v ɝ s ə t i,214
child,tʃ aɪ l d,213
effect,ɪ f ɛ k t,213
level,l ɛ v ə l,213
students,s t u d ə n t s,213
military,m ɪ l ə t ɛ ɹ i,212
run,ɹ ʌ n,212
short,ʃ ɔ ɹ t,212
stood,s t ʊ d,212
town,t aʊ n,212
morning,m ɔ ɹ n ɪ ŋ,211
total,t oʊ t ə l,211
outside,aʊ t s aɪ d,210
figure,f ɪ ɡ j ɝ,209
rate,ɹ eɪ t,209
art,ɑ ɹ t,208
century,s ɛ n tʃ ɝ i,207
class,k l æ s,207
north,n ɔ ɹ θ,206
usually,j u ʒ ə w ə l i,206
washington,w ɑ ʃ ɪ ŋ t ə n,206
leave,l i v,205
plan,p l æ n,205
therefore,ð ɛ ɹ f ɔ ɹ,205
evidence,ɛ v ə d ə n s,204
million,m ɪ l j ə n,204
sound,s aʊ n d,204
top,t ɑ p,204
black,b l æ k,203
hard,h ɑ ɹ d,202
strong,s t ɹ ɔ ŋ,202
tax,t æ k s,201
various,v ɛ ɹ i ə s,201
believe,b ɪ l i v,200
play,p l eɪ,200
says,s ɛ z,200
surface,s ɝ f ə s,200
type,t aɪ p,200
value,v æ l j u,200
mean,m i n,199
soon,s u n,199
lines,l aɪ n z,198
modern,m ɑ d ɝ n,198
near,n ɪ ɹ,198
peace,p i s,198
table,t eɪ b ə l,198
book,b ʊ k,197
red,ɹ ɛ d,197
road,ɹ oʊ d,197
minutes,m ɪ n ə t s,196
personal,p ɝ s ɪ n ɪ l,196
process,p ɹ ɑ s ɛ s,196
situation,s ɪ tʃ u eɪ ʃ ə n,196
alone,ə l oʊ n,195
english,ɪ ŋ ɡ l ɪ ʃ,195
gone,ɡ ɔ n,195
idea,aɪ d i ə,195
increase,ɪ n k ɹ i s,195
nor,n ɔ ɹ,195
schools,s k u l z,195
women,w ɪ m ə n,195
america,ə m ɛ ɹ ə k ə,194
living,l ɪ v ɪ ŋ,194
started,s t ɑ ɹ t ə d,194
longer,l ɔ ŋ ɡ ɝ,193
cut,k ʌ t,192
finally,f aɪ n ə l i,191
nature,n eɪ tʃ ɝ,191
private,p ɹ aɪ v ə t,191
secretary,s ɛ k ɹ ə t ɛ ɹ i,191
third,θ ɝ d,190
months,m ʌ n θ s,189
section,s ɛ k ʃ ə n,189
call,k ɔ l,188
greater,ɡ ɹ eɪ t ɝ,188
expected,ɪ k s p ɛ k t ə d,187
fire,f aɪ ɝ,187
needed,n i d ə d,187
ground,ɡ ɹ aʊ n d,186
kept,k ɛ p t,186
values,v æ l j u z,186
view,v j u,186
dark,d ɑ ɹ k,185
everything,ɛ v ɹ i θ ɪ ŋ,185
pressure,p ɹ ɛ ʃ ɝ,185
basis,b eɪ s ə s,184
space,s p eɪ s,184
east,i s t,183
father,f ɑ ð ɝ,183
complete,k ə m p l i t,182
required,ɹ i k w aɪ ɝ d,182
spirit,s p ɪ ɹ ə t,182
union,j u n j ə n,182
except,ɪ k s ɛ p t,181
moved,m u v d,181
wrote,ɹ oʊ t,181
conditions,k ə n d ɪ ʃ ə n z,180
return,ɹ ɪ t ɝ n,180
support,s ə p ɔ ɹ t,180
attention,ə t ɛ n ʃ ə n,179
late,l eɪ t,179
particular,p ɝ t ɪ k j ə l ɝ,179
recent,ɹ i s ə n t,179
hope,h oʊ p,177
live,l aɪ v,177
brown,b ɹ aʊ n,176
costs,k ɑ s t s,176
else,ɛ l s,176
beyond,b ɪ ɑ n d,175
forces,f ɔ ɹ s ɪ z,175
nations,n eɪ ʃ ə n z,175
stage,s t eɪ dʒ,175
taking,t eɪ k ɪ ŋ,175
coming,k ʌ m ɪ ŋ,174
dead,d ɛ d,174
hours,aʊ ɝ z,174
inside,ɪ n s aɪ d,174
material,m ə t ɪ ɹ i ə l,174
person,p ɝ s ə n,174
read,ɹ ɛ d,174
report,ɹ i p ɔ ɹ t,174
data,d eɪ t ə,173
heart,h ɑ ɹ t,173
instead,ɪ n s t ɛ d,173
looking,l ʊ k ɪ ŋ,173
lost,l ɔ s t,173
low,l oʊ,173
miles,m aɪ l z,173
added,æ d ə d,172
amount,ə m aʊ n t,172
feeling,f i l ɪ ŋ,172
followed,f ɑ l oʊ d,172
makes,m eɪ k s,172
pay,p eɪ,172
single,s ɪ ŋ ɡ ə l,172
basic,b eɪ s ɪ k,171
cold,k oʊ l d,171
hundred,h ʌ n d ɹ ə d,171
including,ɪ n k l u d ɪ ŋ,171
industry,ɪ n d ə s t ɹ i,171
move,m u v,171
research,ɹ i s ɝ tʃ,171
simply,s ɪ m p l i,171
developed,d ɪ v ɛ l ə p t,170
tried,t ɹ aɪ d,170
hold,h oʊ l d,169
reached,ɹ i tʃ t,169
committee,k ə m ɪ t i,168
defense,d ɪ f ɛ n s,167
equipment,ɪ k w ɪ p m ə n t,167
island,aɪ l ə n d,167
actually,æ k tʃ ə w ə l i,166
shown,ʃ oʊ n,166
central,s ɛ n t ɹ ə l,165
religious,ɹ ɪ l ɪ dʒ ə s,165
river,ɹ ɪ v ɝ,165
son,s ʌ n,165
beginning,b ɪ ɡ ɪ n ɪ ŋ,164
getting,ɡ ɛ t ɪ ŋ,164
sort,s ɔ ɹ t,164
ten,t ɛ n,164
doing,d u ɪ ŋ,163
received,ɹ ə s i v d,163
rest,ɹ ɛ s t,163
terms,t ɝ m z,163
trying,t ɹ aɪ ɪ ŋ,163
care,k ɛ ɹ,162
especially,ə s p ɛ ʃ l i,162
friends,f ɹ ɛ n d z,162
indeed,ɪ n d i d,162
medical,m ɛ d ə k ə l,162
picture,p ɪ k tʃ ɝ,162
administration,æ d m ɪ n ɪ s t ɹ eɪ ʃ ə n,161
difficult,d ɪ f ə k ə l t,161
fine,f aɪ n,161
subject,s ə b dʒ ɛ k t,161
building,b ɪ l d ɪ ŋ,160
higher,h aɪ ɝ,160
simple,s ɪ m p ə l,160
wall,w ɔ l,160
meeting,m i t ɪ ŋ,159
walked,w ɔ k t,159
bring,b ɹ ɪ ŋ,158
floor,f l ɔ ɹ,158
foreign,f ɔ ɹ ə n,158
paper,p eɪ p ɝ,157
passed,p æ s t,157
range,ɹ eɪ n dʒ,157
similar,s ɪ m ə l ɝ,157
final,f aɪ n ə l,156
natural,n æ tʃ ɝ ə l,156
property,p ɹ ɑ p ɝ t i,156
training,t ɹ eɪ n ɪ ŋ,156
cent,s ɛ n t,155
county,k aʊ n t i,155
growth,ɡ ɹ oʊ θ,155
international,ɪ n t ɝ n æ ʃ ə n ə l,155
market,m ɑ ɹ k ə t,155
police,p ə l i s,155
england,ɪ ŋ ɡ l ə n d,154
start,s t ɑ ɹ t,154
talk,t ɔ k,154
written,ɹ ɪ t ə n,154
hear,h i ɹ,153
story,s t ɔ ɹ i,153
suddenly,s ʌ d ə n l i,153
answer,æ n s ɝ,152
congress,k ɑ ŋ ɡ ɹ ə s,152
hall,h ɔ l,152
issue,ɪ ʃ u,152
needs,n i d z,152
considered,k ə n s ɪ d ɝ d,151
countries,k ʌ n t ɹ i z,151
likely,l aɪ k l i,151
working,w ɝ k ɪ ŋ,151
earth,ɝ θ,150
sat,s æ t,150
entire,ɪ n t aɪ ɝ,149
happened,h æ p ə n d,149
labor,l eɪ b ɝ,149
meet,m i t,149
purpose,p ɝ p ə s,149
results,ɹ ɪ z ʌ l t s,149
cases,k eɪ s ə z,148
difference,d ɪ f ɝ ə n s,148
hair,h ɛ ɹ,148
production,p ɹ ə d ʌ k ʃ ə n,148
stand,s t æ n d,148
william,w ɪ l j ə m,148
fall,f ɔ l,147
food,f u d,147
involved,ɪ n v ɑ l v d,147
stock,s t ɑ k,147
earlier,ɝ l i ɝ,146
increased,ɪ n k ɹ i s t,146
particularly,p ɑ ɹ t ɪ k j ə l ɝ l i,146
whom,h u m,146
below,b ɪ l oʊ,145
club,k l ʌ b,145
effort,ɛ f ɝ t,145
hour,aʊ ɝ,145
knowledge,n ɑ l ə dʒ,145
letter,l ɛ t ɝ,145
paid,p eɪ d,145
sent,s ɛ n t,145
thinking,θ ɪ ŋ k ɪ ŋ,145
using,j u z ɪ ŋ,145
christian,k ɹ ɪ s tʃ ə n,144
yes,j ɛ s,144
bill,b ɪ l,143
blue,b l u,143
boys,b ɔɪ z,143
certainly,s ɝ t ə n l i,143
deal,d i l,143
ideas,aɪ d i ə z,143
industrial,ɪ n d ʌ s t ɹ i ə l,143
points,p ɔɪ n t s,143
ready,ɹ ɛ d i,143
square,s k w ɛ ɹ,143
trade,t ɹ eɪ d,143
addition,ə d ɪ ʃ ə n,142
bad,b æ d,142
due,d u,142
girls,ɡ ɝ l z,142
method,m ɛ θ ə d,142
methods,m ɛ θ ə d z,142
moral,m ɔ ɹ ə l,142
decided,d ɪ s aɪ d ɪ d,141
directly,d ɝ ɛ k t l i,141
nearly,n ɪ ɹ l i,141
neither,n i ð ɝ,141
reading,ɹ ɛ d ɪ ŋ,141
showed,ʃ oʊ d,141
statement,s t eɪ t m ə n t,141
throughout,θ ɹ u aʊ t,141
weeks,w i k s,141
according,ə k ɔ ɹ d ɪ ŋ,140
anyone,ɛ n i w ʌ n,140
color,k ʌ l ɝ,140
kennedy,k ɛ n ə d i,140
questions,k w ɛ s tʃ ə n z,140
try,t ɹ aɪ,140
french,f ɹ ɛ n tʃ,139
lay,l eɪ,139
nation,n eɪ ʃ ə n,139
programs,p ɹ oʊ ɡ ɹ æ m z,139
services,s ɝ v ə s ə z,139
physical,f ɪ z ɪ k ə l,138
remember,ɹ ɪ m ɛ m b ɝ,138
size,s aɪ z,138
comes,k ʌ m z,137
member,m ɛ m b ɝ,137
record,ɹ ə k ɔ ɹ d,137
southern,s ʌ ð ɝ n,137
strength,s t ɹ ɛ ŋ k θ,137
understand,ʌ n d ɝ s t æ n d,137
western,w ɛ s t ɝ n,137
normal,n ɔ ɹ m ə l,136
population,p ɑ p j ə l eɪ ʃ ə n,136
appeared,ə p ɪ ɹ d,135
concerned,k ə n s ɝ n d,135
district,d ɪ s t ɹ ɪ k t,135
merely,m ɪ ɹ l i,135
temperature,t ɛ m p ɹ ə tʃ ɝ,135
volume,v ɑ l j u m,135
aid,eɪ d,134
direction,d ɝ ɛ k ʃ ə n,134
ran,ɹ æ n,134
summer,s ʌ m ɝ,134
trial,t ɹ aɪ ə l,134
trouble,t ɹ ʌ b ə l,134
continued,k ə n t ɪ n j u d,133
evening,i v n ɪ ŋ,133
friend,f ɹ ɛ n d,133
list,l ɪ s t,133
literature,l ɪ t ɝ ə tʃ ɝ,133
maybe,m eɪ b i,133
sales,s eɪ l z,133
army,ɑ ɹ m i,132
association,ə s oʊ s i eɪ ʃ ə n,132
generally,dʒ ɛ n ɝ ə l i,132
influence,ɪ n f l u ə n s,132
led,l ɛ d,132
met,m ɛ t,132
provided,p ɹ ə v aɪ d ə d,132
chance,tʃ æ n s,131
changes,tʃ eɪ n dʒ ə z,131
former,f ɔ ɹ m ɝ,131
husband,h ʌ z b ə n d,131
opened,oʊ p ə n d,131
science,s aɪ ə n s,131
step,s t ɛ p,131
student,s t u d ə n t,131
average,æ v ɝ ɪ dʒ,130
cause,k ɑ z,130
hot,h ɑ t,130
month,m ʌ n θ,130
series,s ɪ ɹ i z,130
works,w ɝ k s,130
direct,d ɝ ɛ k t,129
effective,ɪ f ɛ k t ɪ v,129
george,dʒ ɔ ɹ dʒ,129
lead,l ɛ d,129
myself,m aɪ s ɛ l f,129
piece,p i s,129
planning,p l æ n ɪ ŋ,129
soviet,s oʊ v i ə t,129
stopped,s t ɑ p t,129
systems,s ɪ s t ə m z,129
theory,θ ɪ ɹ i,129
wrong,ɹ ɔ ŋ,129
ask,æ s k,128
clearly,k l ɪ ɹ l i,128
freedom,f ɹ i d ə m,128
movement,m u v m ə n t,128
organization,ɔ ɹ ɡ ə n ə z eɪ ʃ ə n,128
ways,w eɪ z,128
worked,w ɝ k t,128
beautiful,b j u t ə f ə l,127
bed,b ɛ d,127
consider,k ə n s ɪ d ɝ,127
efforts,ɛ f ɝ t s,127
fear,f ɪ ɹ,127
forms,f ɔ ɹ m z,127
lot,l ɑ t,127
meaning,m i n ɪ ŋ,127
note,n oʊ t,127
press,p ɹ ɛ s,127
somewhat,s ʌ m w ʌ t,127
spring,s p ɹ ɪ ŋ,127
treatment,t ɹ i t m ə n t,127
hotel,h oʊ t ɛ l,126
placed,p l eɪ s t,126
truth,t ɹ u θ,126
apparently,ə p ɛ ɹ ə n t l i,125
carried,k æ ɹ i d,125
degree,d ɪ ɡ ɹ i,125
groups,ɡ ɹ u p s,125
herself,h ɝ s ɛ l f,125
numbers,n ʌ m b ɝ z,125
plant,p l æ n t,125
respect,ɹ ɪ s p ɛ k t,125
wide,w aɪ d,125
easy,i z i,124
farm,f ɑ ɹ m,124
manner,m æ n ɝ,124
reaction,ɹ i æ k ʃ ə n,124
approach,ə p ɹ oʊ tʃ,123
game,ɡ eɪ m,123
immediately,ɪ m i d i ə t l i,123
larger,l ɑ ɹ dʒ ɝ,123
lower,l oʊ ɝ,123
recently,ɹ i s ə n t l i,123
running,ɹ ʌ n ɪ ŋ,123
charge,tʃ ɑ ɹ dʒ,122
couple,k ʌ p ə l,122
daily,d eɪ l i,122
de,d i,122
eye,aɪ,122
feed,f i d,122
oh,oʊ,122
performance,p ɝ f ɔ ɹ m ə n s,122
arms,ɑ ɹ m z,121
blood,b l ʌ d,121
march,m ɑ ɹ tʃ,121
opportunity,ɑ p ɝ t u n ə t i,121
persons,p ɝ s ə n z,121
understanding,ʌ n d ɝ s t æ n d ɪ ŋ,121
additional,ə d ɪ ʃ ə n ə l,120
described,d ɪ s k ɹ aɪ b d,120
fiscal,f ɪ s k ə l,120
progress,p ɹ ɑ ɡ ɹ ɛ s,120
radio,ɹ eɪ d i oʊ,120
stop,s t ɑ p,120
technical,t ɛ k n ɪ k ə l,120
based,b eɪ s t,119
chief,tʃ i f,119
decision,d ɪ s ɪ ʒ ə n,119
determined,d ɪ t ɝ m ə n d,119
image,ɪ m ə dʒ,119
main,m eɪ n,119
religion,ɹ ɪ l ɪ dʒ ə n,119
reported,ɹ i p ɔ ɹ t ə d,119
served,s ɝ v d,119
steps,s t ɛ p s,119
test,t ɛ s t,119
window,w ɪ n d oʊ,119
british,b ɹ ɪ t ɪ ʃ,118
character,k ɛ ɹ ɪ k t ɝ,118
europe,j ʊ ɹ ə p,118
gun,ɡ ʌ n,118
middle,m ɪ d ə l,118
responsibility,ɹ i s p ɑ n s ə b ɪ l ə t i,118
account,ə k aʊ n t,117
appear,ə p ɪ ɹ,117
horse,h ɔ ɹ s,117
learned,l ɝ n d,117
writing,ɹ aɪ t ɪ ŋ,117
activity,æ k t ɪ v ə t i,116
green,ɡ ɹ i n,116
length,l ɛ ŋ k θ,116
ones,w ʌ n z,116
serious,s ɪ ɹ i ə s,116
types,t aɪ p s,116
activities,æ k t ɪ v ə t i z,115
audience,ɑ d i ə n s,115
corner,k ɔ ɹ n ɝ,115
forward,f ɔ ɹ w ɝ d,115
letters,l ɛ t ɝ z,115
lived,l aɪ v d,115
nuclear,n u k l i ɝ,115
obtained,ə b t eɪ n d,115
returned,ɹ ɪ t ɝ n d,115
slowly,s l oʊ l i,115
specific,s p ə s ɪ f ɪ k,115
design,d ɪ z aɪ n,114
doubt,d aʊ t,114
gives,ɡ ɪ v z,114
hit,h ɪ t,114
justice,dʒ ʌ s t ə s,114
latter,l æ t ɝ,114
moving,m u v ɪ ŋ,114
obviously,ɑ b v i ə s l i,114
plane,p l eɪ n,114
quality,k w ɑ l ə t i,114
straight,s t ɹ eɪ t,114
born,b ɔ ɹ n,113
choice,tʃ ɔɪ s,113
figures,f ɪ ɡ j ɝ z,113
function,f ʌ ŋ k ʃ ə n,113
include,ɪ n k l u d,113
operation,ɑ p ɝ eɪ ʃ ə n,113
parts,p ɑ ɹ t s,113
pattern,p æ t ɝ n,113
plans,p l æ n z,113
poor,p ʊ ɹ,113
saying,s eɪ ɪ ŋ,113
seven,s ɛ v ə n,113
shot,ʃ ɑ t,113
staff,s t æ f,113
stay,s t eɪ,113
cars,k ɑ ɹ z,112
sun,s ʌ n,112
whatever,w ʌ t ɛ v ɝ,112
faith,f eɪ θ,111
pool,p u l,111
ball,b ɔ l,110
completely,k ə m p l i t l i,110
corps,k ɔ ɹ,110
extent,ɪ k s t ɛ n t,110
heavy,h ɛ v i,110
hospital,h ɑ s p ɪ t ə l,110
lack,l æ k,110
speak,s p i k,110
standard,s t æ n d ɝ d,110
waiting,w eɪ t ɪ ŋ,110
wish,w ɪ ʃ,110
ahead,ə h ɛ d,109
deep,d i p,109
democratic,d ɛ m ə k ɹ æ t ɪ k,109
firm,f ɝ m,109
income,ɪ n k ʌ m,109
language,l æ ŋ ɡ w ə dʒ,109
principle,p ɹ ɪ n s ə p ə l,109
visit,v ɪ z ə t,109
analysis,ə n æ l ə s ə s,108
designed,d ɪ z aɪ n d,108
distance,d ɪ s t ə n s,108
effects,ɪ f ɛ k t s,108
established,ɪ s t æ b l ɪ ʃ t,108
expect,ɪ k s p ɛ k t,108
growing,ɡ ɹ oʊ ɪ ŋ,108
importance,ɪ m p ɔ ɹ t ə n s,108
indicated,ɪ n d ə k eɪ t ə d,108
none,n ʌ n,108
price,p ɹ aɪ s,108
products,p ɹ ɑ d ə k t s,108
attitude,æ t ə t u d,107
cities,s ɪ t i z,107
continue,k ə n t ɪ n j u,107
determine,d ə t ɝ m ə n,107
division,d ɪ v ɪ ʒ ə n,107
easily,i z ə l i,107
elements,ɛ l ə m ə n t s,107
existence,ɛ ɡ z ɪ s t ə n s,107
leaders,l i d ɝ z,107
negro,n i ɡ ɹ oʊ,107
pretty,p ɹ ɪ t i,107
serve,s ɝ v,107
stress,s t ɹ ɛ s,107
afternoon,æ f t ɝ n u n,106
agreement,ə ɡ ɹ i m ə n t,106
applied,ə p l aɪ d,106
closed,k l oʊ z d,106
factors,f æ k t ɝ z,106
hardly,h ɑ ɹ d l i,106
limited,l ɪ m ə t ə d,106
remained,ɹ ɪ m eɪ n d,106
scene,s i n,106
write,ɹ aɪ t,106
attack,ə t æ k,105
drive,d ɹ aɪ v,105
health,h ɛ l θ,105
interested,ɪ n t ɹ ə s t ə d,105
married,m ɛ ɹ i d,105
professional,p ɹ ə f ɛ ʃ ə n ə l,105
reach,ɹ i tʃ,105
rhode,ɹ oʊ d,105
season,s i z ə n,105
station,s t eɪ ʃ ə n,105
suggested,s ə ɡ dʒ ɛ s t ə d,105
becomes,b ɪ k ʌ m z,104
covered,k ʌ v ɝ d,104
current,k ɝ ə n t,104
despite,d ɪ s p aɪ t,104
eight,eɪ t,104
played,p l eɪ d,104
role,ɹ oʊ l,104
spent,s p ɛ n t,104
built,b ɪ l t,103
commission,k ə m ɪ ʃ ə n,103
council,k aʊ n s ə l,103
date,d eɪ t,103
exactly,ɪ ɡ z æ k t l i,103
machine,m ə ʃ i n,103
mouth,m aʊ θ,103
original,ɝ ɪ dʒ ə n ə l,103
race,ɹ eɪ s,103
reasons,ɹ i z ə n z,103
studies,s t ʌ d i z,103
teeth,t i θ,103
unit,j u n ə t,103
demand,d ɪ m æ n d,102
news,n u z,102
prepared,p ɹ i p ɛ ɹ d,102
rates,ɹ eɪ t s,102
related,ɹ ɪ l eɪ t ɪ d,102
relations,ɹ i l eɪ ʃ ə n z,102
rise,ɹ aɪ z,102
supply,s ə p l aɪ,102
bit,b ɪ t,101
director,d ɝ ɛ k t ɝ,101
dropped,d ɹ ɑ p t,101
events,ɪ v ɛ n t s,101
james,dʒ eɪ m z,101
officer,ɔ f ə s ɝ,101
playing,p l eɪ ɪ ŋ,101
raised,ɹ eɪ z d,101
standing,s t æ n d ɪ ŋ,101
sunday,s ʌ n d eɪ,101
trees,t ɹ i z,101
unless,ə n l ɛ s,101
clay,k l eɪ,100
doctor,d ɑ k t ɝ,100
energy,ɛ n ɝ dʒ i,100
facilities,f ə s ɪ l ə t i z,100
meant,m ɛ n t,100
places,p l eɪ s ə z,100
sides,s aɪ d z,100
talking,t ɔ k ɪ ŋ,100
thomas,t ɑ m ə s,100
walk,w ɔ k,100
actual,æ k tʃ ə w ə l,99
filled,f ɪ l d,99
gas,ɡ æ s,99
glass,ɡ l æ s,99
jazz,dʒ æ z,99
june,dʒ u n,99
knows,n oʊ z,99
poet,p oʊ ə t,99
techniques,t ɛ k n i k s,99
bridge,b ɹ ɪ dʒ,98
caught,k ɑ t,98
chicago,ʃ ə k ɑ ɡ oʊ,98
claim,k l eɪ m,98
concern,k ə n s ɝ n,98
entered,ɛ n t ɝ d,98
fight,f aɪ t,98
happy,h æ p i,98
institutions,ɪ n s t ɪ t u ʃ ə n z,98
mass,m æ s,98
popular,p ɑ p j ə l ɝ,98
share,ʃ ɛ ɹ,98
style,s t aɪ l,98
cattle,k æ t ə l,97
christ,k ɹ aɪ s t,97
communist,k ɑ m j ə n ə s t,97
dollars,d ɑ l ɝ z,97
follow,f ɑ l oʊ,97
heat,h i t,97
included,ɪ n k l u d ə d,97
materials,m ə t ɪ ɹ i ə l z,97
radiation,ɹ eɪ d i eɪ ʃ ə n,97
status,s t æ t ə s,97
suppose,s ə p oʊ z,97
thousand,θ aʊ z ə n d,97
accepted,æ k s ɛ p t ɪ d,96
behavior,b ɪ h eɪ v j ɝ,96
books,b ʊ k s,96
charles,tʃ ɑ ɹ l z,96
churches,tʃ ɝ tʃ ə z,96
conference,k ɑ n f ɝ ə n s,96
considerable,k ə n s ɪ d ɝ ə b ə l,96
film,f ɪ l m,96
giving,ɡ ɪ v ɪ ŋ,96
opinion,ə p ɪ n j ə n,96
primary,p ɹ aɪ m ɛ ɹ i,96
sitting,s ɪ t ɪ ŋ,96
usual,j u ʒ ə w ə l,96
attempt,ə t ɛ m p t,95
changed,tʃ eɪ n dʒ d,95
construction,k ə n s t ɹ ʌ k ʃ ə n,95
funds,f ʌ n d z,95
hell,h ɛ l,95
marriage,m ɛ ɹ ɪ dʒ,95
oil,ɔɪ l,95
proper,p ɹ ɑ p ɝ,95
sea,s i,95
sir,s ɝ,95
successful,s ə k s ɛ s f ə l,95
arm,ɑ ɹ m,94
discussion,d ɪ s k ʌ ʃ ə n,94
everyone,ɛ v ɹ i w ʌ n,94
highly,h aɪ l i,94
park,p ɑ ɹ k,94
practice,p ɹ æ k t ə s,94
shows,ʃ oʊ z,94
sign,s aɪ n,94
someone,s ʌ m w ʌ n,94
source,s ɔ ɹ s,94
tradition,t ɹ ə d ɪ ʃ ə n,94
wait,w eɪ t,94
worth,w ɝ θ,94
americans,ə m ɛ ɹ ə k ə n z,93
annual,æ n j u ə l,93
authority,ə θ ɔ ɹ ə t i,93
lord,l ɔ ɹ d,93
older,oʊ l d ɝ,93
project,p ɹ ɑ dʒ ɛ k t,93
remain,ɹ ɪ m eɪ n,93
success,s ə k s ɛ s,93
fell,f ɛ l,92
jack,dʒ æ k,92
leadership,l i d ɝ ʃ ɪ p,92
obvious,ɑ b v i ə s,92
pieces,p i s ə z,92
principal,p ɹ ɪ n s ə p ə l,92
thin,θ ɪ n,92
base,b eɪ s,91
civil,s ɪ v ə l,91
complex,k ɑ m p l ɛ k s,91
condition,k ə n d ɪ ʃ ə n,91
dinner,d ɪ n ɝ,91
entirely,ɪ n t aɪ ɝ l i,91
frequently,f ɹ i k w ə n t l i,91
management,m æ n ə dʒ m ə n t,91
measure,m ɛ ʒ ɝ,91
mike,m aɪ k,91
objective,ə b dʒ ɛ k t ɪ v,91
parents,p ɛ ɹ ə n t s,91
records,ɹ ə k ɔ ɹ d z,91
security,s ɪ k j ʊ ɹ ə t i,91
structure,s t ɹ ʌ k tʃ ɝ,91
weight,w eɪ t,91
balance,b æ l ə n s,90
caused,k ɑ z d,90
corporation,k ɔ ɹ p ɝ eɪ ʃ ə n,90
dance,d æ n s,90
equal,i k w ə l,90
kitchen,k ɪ tʃ ə n,90
noted,n oʊ t ə d,90
produced,p ɹ ə d u s t,90
purposes,p ɝ p ə s ə z,90
clothes,k l oʊ ð z,89
develop,d ɪ v ɛ l ə p,89
failure,f eɪ l j ɝ,89
famous,f eɪ m ə s,89
goes,ɡ oʊ z,89
london,l ʌ n d ə n,89
names,n eɪ m z,89
pass,p æ s,89
published,p ʌ b l ɪ ʃ t,89
quickly,k w ɪ k l i,89
regard,ɹ ə ɡ ɑ ɹ d,89
active,æ k t ɪ v,88
add,æ d,88
announced,ə n aʊ n s t,88
bottom,b ɑ t ə m,88
break,b ɹ eɪ k,88
carry,k æ ɹ i,88
check,tʃ ɛ k,88
cover,k ʌ v ɝ,88
enemy,ɛ n ə m i,88
greatest,ɡ ɹ eɪ t ə s t,88
key,k i,88
king,k ɪ ŋ,88
laws,l ɔ z,88
leaving,l i v ɪ ŋ,88
manager,m æ n ə dʒ ɝ,88
moreover,m ɔ ɹ oʊ v ɝ,88
pain,p eɪ n,88
poetry,p oʊ ə t ɹ i,88
relationship,ɹ i l eɪ ʃ ə n ʃ ɪ p,88
sources,s ɔ ɹ s ə z,88
assistance,ə s ɪ s t ə n s,87
battle,b æ t ə l,87
bright,b ɹ aɪ t,87
carefully,k ɛ ɹ f ə l i,87
companies,k ʌ m p ə n i z,87
facts,f æ k t s,87
finished,f ɪ n ɪ ʃ t,87
fixed,f ɪ k s t,87
mary,m ɛ ɹ i,87
operating,ɑ p ɝ eɪ t ɪ ŋ,87
possibility,p ɑ s ə b ɪ l ə t i,87
product,p ɹ ɑ d ə k t,87
spoke,s p oʊ k,87
touch,t ʌ tʃ,87
units,j u n ə t s,87
allowed,ə l aʊ d,86
build,b ɪ l d,86
citizens,s ɪ t ə z ə n z,86
died,d aɪ d,86
financial,f ə n æ n ʃ ə l,86
inches,ɪ n tʃ ə z,86
loss,l ɔ s,86
otherwise,ʌ ð ɝ w aɪ z,86
patient,p eɪ ʃ ə n t,86
philosophy,f ə l ɑ s ə f i,86
previous,p ɹ i v i ə s,86
require,ɹ i k w aɪ ɝ,86
rose,ɹ oʊ z,86
scientific,s aɪ ə n t ɪ f ɪ k,86
seeing,s i ɪ ŋ,86
significant,s ə ɡ n ɪ f ɪ k ə n t,86
takes,t eɪ k s,86
workers,w ɝ k ɝ z,86
capital,k æ p ə t ə l,85
captain,k æ p t ə n,85
classes,k l æ s ə z,85
concept,k ɑ n s ɛ p t,85
distribution,d ɪ s t ɹ ə b j u ʃ ə n,85
german,dʒ ɝ m ə n,85
marked,m ɑ ɹ k t,85
musical,m j u z ɪ k ə l,85
post,p oʊ s t,85
relatively,ɹ ɛ l ə t ɪ v l i,85
rules,ɹ u l z,85
shape,ʃ eɪ p,85
stated,s t eɪ t ə d,85
stations,s t eɪ ʃ ə n z,85
variety,v ɝ aɪ ə t i,85
affairs,ə f ɛ ɹ z,84
appears,ə p ɪ ɹ z,84
aware,ə w ɛ ɹ,84
begin,b ɪ ɡ ɪ n,84
broad,b ɹ ɔ d,84
catholic,k æ θ l ɪ k,84
circumstances,s ɝ k ə m s t æ n s ə z,84
collection,k ə l ɛ k ʃ ə n,84
impossible,ɪ m p ɑ s ə b ə l,84
learn,l ɝ n,84
named,n eɪ m d,84
operations,ɑ p ɝ eɪ ʃ ə n z,84
proposed,p ɹ ə p oʊ z d,84
remains,ɹ ɪ m eɪ n z,84
reports,ɹ ɪ p ɔ ɹ t s,84
sex,s ɛ k s,84
strange,s t ɹ eɪ n dʒ,84
bank,b æ ŋ k,83
capacity,k ə p æ s ə t i,83
governor,ɡ ʌ v ɝ n ɝ,83
henry,h ɛ n ɹ i,83
houses,h aʊ s ə z,83
interests,ɪ n t ɹ ə s t s,83
mark,m ɑ ɹ k,83
offered,ɔ f ɝ d,83
officers,ɔ f ə s ɝ z,83
opening,oʊ p ə n ɪ ŋ,83
prevent,p ɹ ɪ v ɛ n t,83
regular,ɹ ɛ ɡ j ə l ɝ,83
remembered,ɹ ɪ m ɛ m b ɝ d,83
requirements,ɹ ɪ k w aɪ ɹ m ə n t s,83
robert,ɹ ɑ b ɝ t,83
ship,ʃ ɪ p,83
sight,s aɪ t,83
slightly,s l aɪ t l i,83
speed,s p i d,83
spread,s p ɹ ɛ d,83
team,t i m,83
winter,w ɪ n t ɝ,83
yesterday,j ɛ s t ɝ d eɪ,83
bar,b ɑ ɹ,82
crisis,k ɹ aɪ s ə s,82
drink,d ɹ ɪ ŋ k,82
fresh,f ɹ ɛ ʃ,82
instance,ɪ n s t ə n s,82
interesting,ɪ n t ɹ ə s t ɪ ŋ,82
poems,p oʊ ə m z,82
presented,p ɹ i z ɛ n t ə d,82
produce,p ɹ ə d u s,82
train,t ɹ eɪ n,82
youth,j u θ,82
agreed,ə ɡ ɹ i d,81
apartment,ə p ɑ ɹ t m ə n t,81
campaign,k æ m p eɪ n,81
cells,s ɛ l z,81
created,k ɹ i eɪ t ə d,81
essential,ɪ s ɛ n ʃ ə l,81
event,ɪ v ɛ n t,81
file,f aɪ l,81
forced,f ɔ ɹ s t,81
germany,dʒ ɝ m ə n i,81
immediate,ɪ m i d i ə t,81
index,ɪ n d ɛ k s,81
lives,l ɪ v z,81
neck,n ɛ k,81
nine,n aɪ n,81
opposite,ɑ p ə z ə t,81
provides,p ɹ ə v aɪ d z,81
subjects,s ʌ b dʒ ɪ k t s,81
trip,t ɹ ɪ p,81
watch,w ɑ tʃ,81
watched,w ɑ tʃ t,81
explained,ɪ k s p l eɪ n d,80
features,f i tʃ ɝ z,80
fully,f ʊ l i,80
gray,ɡ ɹ eɪ,80
indicate,ɪ n d ə k eɪ t,80
lady,l eɪ d i,80
offer,ɔ f ɝ,80
providence,p ɹ ɑ v ə d ə n s,80
recognized,ɹ ɛ k ə ɡ n aɪ z d,80
russian,ɹ ʌ ʃ ə n,80
session,s ɛ ʃ ə n,80
teacher,t i tʃ ɝ,80
twenty,t w ɛ n t i,80
atmosphere,æ t m ə s f ɪ ɹ,79
desire,d ɪ z aɪ ɝ,79
differences,d ɪ f ɝ ə n s ɪ z,79
economy,ɪ k ɑ n ə m i,79
expression,ɪ k s p ɹ ɛ ʃ ə n,79
maximum,m æ k s ə m ə m,79
mentioned,m ɛ n ʃ ə n d,79
procedure,p ɹ ə s i dʒ ɝ,79
reality,ɹ i æ l ə t i,79
reduced,ɹ ə d u s t,79
sam,s æ m,79
separate,s ɛ p ɝ eɪ t,79
studied,s t ʌ d i d,79
term,t ɝ m,79
beside,b ɪ s aɪ d,78
coffee,k ɑ f i,78
edge,ɛ dʒ,78
enter,ɛ n t ɝ,78
fair,f ɛ ɹ,78
fast,f æ s t,78
favor,f eɪ v ɝ,78
literary,l ɪ t ɝ ɛ ɹ i,78
looks,l ʊ k s,78
mission,m ɪ ʃ ə n,78
picked,p ɪ k t,78
secret,s i k ɹ ə t,78
smaller,s m ɔ l ɝ,78
tone,t oʊ n,78
traditional,t ɹ ə d ɪ ʃ ə n ə l,78
address,æ d ɹ ɛ s,77
anode,æ n oʊ d,77
believed,b ɪ l i v d,77
editor,ɛ d ə t ɝ,77
election,ɪ l ɛ k ʃ ə n,77
follows,f ɑ l oʊ z,77
judge,dʒ ʌ dʒ,77
laid,l eɪ d,77
model,m ɑ d ə l,77
permit,p ɝ m ɪ t,77
response,ɹ ɪ s p ɑ n s,77
rights,ɹ aɪ t s,77
solid,s ɑ l ə d,77
title,t aɪ t ə l,77
vocational,v oʊ k eɪ ʃ ə n ə l,77
bottle,b ɑ t ə l,76
buildings,b ɪ l d ɪ ŋ z,76
difficulty,d ɪ f ə k ə l t i,76
formed,f ɔ ɹ m d,76
hearing,h i ɹ ɪ ŋ,76
knife,n aɪ f,76
memory,m ɛ m ɝ i,76
nice,n aɪ s,76
presence,p ɹ ɛ z ə n s,76
quiet,k w aɪ ə t,76
receive,ɹ ə s i v,76
region,ɹ i dʒ ə n,76
telephone,t ɛ l ə f oʊ n,76
watching,w ɑ tʃ ɪ ŋ,76
camp,k æ m p,75
dog,d ɔ ɡ,75
expressed,ɪ k s p ɹ ɛ s t,75
fit,f ɪ t,75
france,f ɹ æ n s,75
junior,dʒ u n j ɝ,75
killed,k ɪ l d,75
murder,m ɝ d ɝ,75
official,ə f ɪ ʃ ə l,75
personnel,p ɝ s ə n ɛ l,75
planned,p l æ n d,75
removed,ɹ i m u v d,75
rock,ɹ ɑ k,75
round,ɹ aʊ n d,75
stayed,s t eɪ d,75
treated,t ɹ i t ə d,75
turning,t ɝ n ɪ ŋ,75
virginia,v ɝ dʒ ɪ n j ə,75
vote,v oʊ t,75
ability,ə b ɪ l ə t i,74
berlin,b ɝ l ɪ n,74
claims,k l eɪ m z,74
contrast,k ɑ n t ɹ æ s t,74
faculty,f æ k ə l t i,74
failed,f eɪ l d,74
fourth,f ɔ ɹ θ,74
frame,f ɹ eɪ m,74
gain,ɡ eɪ n,74
increasing,ɪ n k ɹ i s ɪ ŋ,74
interior,ɪ n t ɪ ɹ i ɝ,74
jewish,dʒ u ɪ ʃ,74
leader,l i d ɝ,74
nobody,n oʊ b ɑ d i,74
november,n oʊ v ɛ m b ɝ,74
observed,ə b z ɝ v d,74
pointed,p ɔɪ n t ə d,74
positive,p ɑ z ə t ɪ v,74
rich,ɹ ɪ tʃ,74
selected,s ə l ɛ k t ə d,74
send,s ɛ n d,74
standards,s t æ n d ɝ d z,74
store,s t ɔ ɹ,74
twice,t w aɪ s,74
advantage,æ d v æ n t ɪ dʒ,73
brief,b ɹ i f,73
brother,b ɹ ʌ ð ɝ,73
chapter,tʃ æ p t ɝ,73
die,d aɪ,73
discovered,d ɪ s k ʌ v ɝ d,73
individuals,ɪ n d ə v ɪ dʒ ə w ə l z,73
louis,l u ɪ s,73
membership,m ɛ m b ɝ ʃ ɪ p,73
nevertheless,n ɛ v ɝ ð ə l ɛ s,73
powers,p aʊ ɝ z,73
pulled,p ʊ l d,73
rule,ɹ u l,73
valley,v æ l i,73
writer,ɹ aɪ t ɝ,73
writers,ɹ aɪ t ɝ z,73
accept,æ k s ɛ p t,72
allow,ə l aʊ,72
assumed,ə s u m d,72
boat,b oʊ t,72
broke,b ɹ oʊ k,72
command,k ə m æ n d,72
daughter,d ɔ t ɝ,72
detail,d ɪ t eɪ l,72
everybody,ɛ v ɹ i b ɑ d i,72
evil,i v ə l,72
faces,f eɪ s ə z,72
familiar,f ə m ɪ l j ɝ,72
fields,f i l d z,72
fighting,f aɪ t ɪ ŋ,72
hill,h ɪ l,72
increases,ɪ n k ɹ i s ə z,72
items,aɪ t ə m z,72
jones,dʒ oʊ n z,72
legal,l i ɡ ə l,72
master,m æ s t ɝ,72
morgan,m ɔ ɹ ɡ ə n,72
ordinary,ɔ ɹ d ə n ɛ ɹ i,72
phase,f eɪ z,72
platform,p l æ t f ɔ ɹ m,72
plus,p l ʌ s,72
resources,ɹ i s ɔ ɹ s ɪ z,72
russia,ɹ ʌ ʃ ə,72
sharp,ʃ ɑ ɹ p,72
somehow,s ʌ m h aʊ,72
upper,ʌ p ɝ,72
village,v ɪ l ə dʒ,72
wants,w ɑ n t s,72
wine,w aɪ n,72
approximately,ə p ɹ ɑ k s ə m ə t l i,71
april,eɪ p ɹ ə l,71
beauty,b j u t i,71
carrying,k æ ɹ i ɪ ŋ,71
chosen,tʃ oʊ z ə n,71
column,k ɑ l ə m,71
compared,k ə m p ɛ ɹ d,71
constant,k ɑ n s t ə n t,71
du,d u,71
factor,f æ k t ɝ,71
forth,f ɔ ɹ θ,71
historical,h ɪ s t ɔ ɹ ɪ k ə l,71
mercer,m ɝ s ɝ,71
principles,p ɹ ɪ n s ə p ə l z,71
proved,p ɹ u v d,71
responsible,ɹ i s p ɑ n s ə b ə l,71
richard,ɹ ɪ tʃ ɝ d,71
smiled,s m aɪ l d,71
unity,j u n ə t i,71
universe,j u n ə v ɝ s,71
aircraft,ɛ ɹ k ɹ æ f t,70
box,b ɑ k s,70
buy,b aɪ,70
calls,k ɔ l z,70
communism,k ɑ m j ə n ɪ z ə m,70
danger,d eɪ n dʒ ɝ,70
dogs,d ɑ ɡ z,70
drawn,d ɹ ɔ n,70
dust,d ʌ s t,70
educational,ɛ dʒ ə k eɪ ʃ ə n ə l,70
exchange,ɪ k s tʃ eɪ n dʒ,70
foot,f ʊ t,70
independence,ɪ n d ɪ p ɛ n d ə n s,70
independent,ɪ n d ɪ p ɛ n d ə n t,70
naturally,n æ tʃ ɝ ə l i,70
rain,ɹ eɪ n,70
revolution,ɹ ɛ v ə l u ʃ ə n,70
rome,ɹ oʊ m,70
san,s æ n,70
sections,s ɛ k ʃ ə n z,70
shelter,ʃ ɛ l t ɝ,70
song,s ɔ ŋ,70
waited,w eɪ t ə d,70
walls,w ɔ l z,70
ancient,eɪ n tʃ ə n t,69
china,tʃ aɪ n ə,69
clean,k l i n,69
completed,k ə m p l i t ə d,69
connection,k ə n ɛ k ʃ ə n,69
fashion,f æ ʃ ə n,69
league,l i ɡ,69
levels,l ɛ v ə l z,69
liberal,l ɪ b ɝ ə l,69
lips,l ɪ p s,69
ordered,ɔ ɹ d ɝ d,69
politics,p ɑ l ə t ɪ k s,69
realize,ɹ i l aɪ z,69
realized,ɹ i l aɪ z d,69
seek,s i k,69
settled,s ɛ t ə l d,69
sweet,s w i t,69
teachers,t i tʃ ɝ z,69
texas,t ɛ k s ə s,69
weather,w ɛ ð ɝ,69
willing,w ɪ l ɪ ŋ,69
actions,æ k ʃ ə n z,68
animal,æ n ə m ə l,68
application,æ p l ə k eɪ ʃ ə n,68
appropriate,ə p ɹ oʊ p ɹ i ə t,68
article,ɑ ɹ t ə k ə l,68
beat,b i t,68
characteristic,k ɛ ɹ ə k t ɝ ɪ s t ɪ k,68
directed,d ɝ ɛ k t ə d,68
drew,d ɹ u,68
dry,d ɹ aɪ,68
electric,ɪ l ɛ k t ɹ ɪ k,68
electronic,ɪ l ɛ k t ɹ ɑ n ɪ k,68
emotional,ɪ m oʊ ʃ ə n ə l,68
excellent,ɛ k s ə l ə n t,68
families,f æ m ə l i z,68
fifty,f ɪ f t i,68
flow,f l oʊ,68
frank,f ɹ æ ŋ k,68
horses,h ɔ ɹ s ə z,68
initial,ɪ n ɪ ʃ ə l,68
khrushchev,k ɹ u s tʃ ɛ v,68
largely,l ɑ ɹ dʒ l i,68
leading,l i d ɪ ŋ,68
minimum,m ɪ n ə m ə m,68
monday,m ʌ n d i,68
ought,ɔ t,68
pictures,p ɪ k tʃ ɝ z,68
policies,p ɑ l ə s i z,68
practical,p ɹ æ k t ə k ə l,68
projects,p ɹ ɑ dʒ ɛ k t s,68
protection,p ɹ ə t ɛ k ʃ ə n,68
quick,k w ɪ k,68
signs,s aɪ n z,68
stands,s t æ n d z,68
starting,s t ɑ ɹ t ɪ ŋ,68
statements,s t eɪ t m ə n t s,68
traffic,t ɹ æ f ɪ k,68
won,w ʌ n,68
answered,æ n s ɝ d,67
aside,ə s aɪ d,67
asking,æ s k ɪ ŋ,67
background,b æ k ɡ ɹ aʊ n d,67
career,k ɝ ɪ ɹ,67
chairman,tʃ ɛ ɹ m ə n,67
communication,k ə m j u n ə k eɪ ʃ ə n,67
dress,d ɹ ɛ s,67
ends,ɛ n d z,67
estimated,ɛ s t ə m eɪ t ə d,67
flat,f l æ t,67
impact,ɪ m p æ k t,67
jury,dʒ ʊ ɹ i,67
legs,l ɛ ɡ z,67
occurred,ə k ɝ d,67
paris,p ɛ ɹ ɪ s,67
potential,p ə t ɛ n ʃ ə l,67
reference,ɹ ɛ f ɝ ə n s,67
saturday,s æ t ɝ d i,67
sit,s ɪ t,67
teaching,t i tʃ ɪ ŋ,67
thick,θ ɪ k,67
warm,w ɔ ɹ m,67
wonder,w ʌ n d ɝ,67
yourself,j ɝ s ɛ l f,67
adequate,æ d ə k w ə t,66
arts,ɑ ɹ t s,66
besides,b ɪ s aɪ d z,66
birth,b ɝ θ,66
block,b l ɑ k,66
capable,k eɪ p ə b ə l,66
chair,tʃ ɛ ɹ,66
closely,k l oʊ s l i,66
cutting,k ʌ t ɪ ŋ,66
declared,d ɪ k l ɛ ɹ d,66
employees,ɛ m p l ɔɪ i z,66
experiments,ɪ k s p ɛ ɹ ə m ə n t s,66
fingers,f ɪ ŋ ɡ ɝ z,66
forest,f ɔ ɹ ə s t,66
gets,ɡ ɛ t s,66
gross,ɡ ɹ oʊ s,66
hanover,h æ n oʊ v ɝ,66
helped,h ɛ l p t,66
honor,ɑ n ɝ,66
intellectual,ɪ n t ə l ɛ k tʃ u ə l,66
issues,ɪ ʃ u z,66
july,dʒ u l aɪ,66
measured,m ɛ ʒ ɝ d,66
ourselves,aʊ ɝ s ɛ l v z,66
page,p eɪ dʒ,66
plays,p l eɪ z,66
properties,p ɹ ɑ p ɝ t i z,66
relief,ɹ ɪ l i f,66
score,s k ɔ ɹ,66
search,s ɝ tʃ,66
significance,s ə ɡ n ɪ f ɪ k ə n s,66
substantial,s ə b s t æ n tʃ ə l,66
achievement,ə tʃ i v m ə n t,65
attorney,ə t ɝ n i,65
california,k æ l ə f ɔ ɹ n j ə,65
cell,s ɛ l,65
desk,d ɛ s k,65
discussed,d ɪ s k ʌ s t,65
dominant,d ɑ m ə n ə n t,65
escape,ɪ s k eɪ p,65
headquarters,h ɛ d k w ɔ ɹ t ɝ z,65
holding,h oʊ l d ɪ ŋ,65
hung,h ʌ ŋ,65
imagination,ɪ m æ dʒ ə n eɪ ʃ ə n,65
jobs,dʒ ɑ b z,65
join,dʒ ɔɪ n,65
newspaper,n u z p eɪ p ɝ,65
object,ɑ b dʒ ɛ k t,65
objects,ɑ b dʒ ɛ k t s,65
passing,p æ s ɪ ŋ,65
phil,f ɪ l,65
rapidly,ɹ æ p ə d l i,65
sleep,s l i p,65
supposed,s ə p oʊ z d,65
typical,t ɪ p ə k ə l,65
wore,w ɔ ɹ,65
aspects,æ s p ɛ k t s,64
belief,b ɪ l i f,64
bodies,b ɑ d i z,64
contemporary,k ə n t ɛ m p ɝ ɛ ɹ i,64
credit,k ɹ ɛ d ə t,64
dream,d ɹ i m,64
empty,ɛ m p t i,64
explain,ɪ k s p l eɪ n,64
grew,ɡ ɹ u,64
laos,l ɑ oʊ s,64
located,l oʊ k eɪ t ə d,64
maintenance,m eɪ n t ə n ə n s,64
matters,m æ t ɝ z,64
message,m ɛ s ə dʒ,64
primarily,p ɹ aɪ m ɛ ɹ ə l i,64
reasonable,ɹ i z ə n ə b ə l,64
resolution,ɹ ɛ z ə l u ʃ ə n,64
site,s aɪ t,64
spiritual,s p ɪ ɹ ɪ tʃ ə w ə l,64
towards,t ə w ɔ ɹ d z,64
yards,j ɑ ɹ d z,64
appeal,ə p i l,63
argument,ɑ ɹ ɡ j ə m ə n t,63
assume,ə s u m,63
benefit,b ɛ n ə f ɪ t,63
broken,b ɹ oʊ k ə n,63
competition,k ɑ m p ə t ɪ ʃ ə n,63
contact,k ɑ n t æ k t,63
domestic,d ə m ɛ s t ɪ k,63
dramatic,d ɹ ə m æ t ɪ k,63
experiment,ɪ k s p ɛ ɹ ə m ə n t,63
fellow,f ɛ l oʊ,63
grow,ɡ ɹ oʊ,63
happen,h æ p ə n,63
highest,h aɪ ə s t,63
jesus,dʒ i z ə s,63
kill,k ɪ l,63
location,l oʊ k eɪ ʃ ə n,63
narrow,n ɛ ɹ oʊ,63
parker,p ɑ ɹ k ɝ,63
powerful,p aʊ ɝ f ə l,63
relation,ɹ i l eɪ ʃ ə n,63
rifle,ɹ aɪ f ə l,63
shop,ʃ ɑ p,63
signal,s ɪ ɡ n ə l,63
sufficient,s ə f ɪ ʃ ə n t,63
tom,t ɑ m,63
tomorrow,t ə m ɑ ɹ oʊ,63
unusual,ə n j u ʒ ə w ə l,63
wind,w aɪ n d,63
achieved,ə tʃ i v d,62
agencies,eɪ dʒ ə n s i z,62
arrived,ɝ aɪ v d,62
assignment,ə s aɪ n m ə n t,62
baby,b eɪ b i,62
billion,b ɪ l j ə n,62
careful,k ɛ ɹ f ə l,62
concerning,k ə n s ɝ n ɪ ŋ,62
cool,k u l,62
december,d ɪ s ɛ m b ɝ,62
drove,d ɹ oʊ v,62
equally,i k w ə l i,62
extreme,ɪ k s t ɹ i m,62
fund,f ʌ n d,62
greatly,ɡ ɹ eɪ t l i,62
guests,ɡ ɛ s t s,62
homes,h oʊ m z,62
internal,ɪ n t ɝ n ə l,62
library,l aɪ b ɹ ɛ ɹ i,62
officials,ə f ɪ ʃ ə l z,62
please,p l i z,62
pleasure,p l ɛ ʒ ɝ,62
portion,p ɔ ɹ ʃ ə n,62
recognize,ɹ ɛ k ə ɡ n aɪ z,62
reduce,ɹ ə d u s,62
rising,ɹ aɪ z ɪ ŋ,62
save,s eɪ v,62
senate,s ɛ n ə t,62
sets,s ɛ t s,62
speaking,s p i k ɪ ŋ,62
struggle,s t ɹ ʌ ɡ ə l,62
wilson,w ɪ l s ə n,62
acting,æ k t ɪ ŋ,61
associated,ə s oʊ s i eɪ t ə d,61
beach,b i tʃ,61
boston,b ɑ s t ə n,61
closer,k l oʊ s ɝ,61
coast,k oʊ s t,61
commercial,k ə m ɝ ʃ ə l,61
continuing,k ə n t ɪ n j u ɪ ŋ,61
courses,k ɔ ɹ s ə z,61
duty,d u t i,61
eat,i t,61
european,j ʊ ɹ ə p i ə n,61
feelings,f i l ɪ ŋ z,61
friendly,f ɹ ɛ n d l i,61
governments,ɡ ʌ v ɝ m ə n t s,61
greek,ɡ ɹ i k,61
ideal,aɪ d i l,61
imagine,ɪ m æ dʒ ə n,61
kid,k ɪ d,61
metal,m ɛ t ə l,61
minister,m ɪ n ə s t ɝ,61
organizations,ɔ ɹ ɡ ə n ə z eɪ ʃ ə n z,61
possibly,p ɑ s ə b l i,61
prices,p ɹ aɪ s ə z,61
procedures,p ɹ ə s i dʒ ɝ z,61
shore,ʃ ɔ ɹ,61
shoulder,ʃ oʊ l d ɝ,61
showing,ʃ oʊ ɪ ŋ,61
soft,s ɑ f t,61
speech,s p i tʃ,61
tests,t ɛ s t s,61
travel,t ɹ æ v ə l,61
vast,v æ s t,61
victory,v ɪ k t ɝ i,61
weapons,w ɛ p ə n z,61
armed,ɑ ɹ m d,60
chemical,k ɛ m ə k ə l,60
circle,s ɝ k ə l,60
contained,k ə n t eɪ n d,60
contract,k ɑ n t ɹ æ k t,60
ended,ɛ n d ə d,60
existing,ɪ ɡ z ɪ s t ɪ ŋ,60
fat,f æ t,60
friday,f ɹ aɪ d i,60
garden,ɡ ɑ ɹ d ə n,60
goal,ɡ oʊ l,60
heavily,h ɛ v ə l i,60
keeping,k i p ɪ ŋ,60
learning,l ɝ n ɪ ŋ,60
machinery,m ə ʃ i n ɝ i,60
maintain,m eɪ n t eɪ n,60
moon,m u n,60
nose,n oʊ z,60
onto,ɑ n t u,60
orchestra,ɔ ɹ k ə s t ɹ ə,60
refused,ɹ ə f j u z d,60
scale,s k eɪ l,60
setting,s ɛ t ɪ ŋ,60
slow,s l oʊ,60
somewhere,s ʌ m w ɛ ɹ,60
stared,s t ɛ ɹ d,60
streets,s t ɹ i t s,60
task,t æ s k,60
technique,t ɛ k n i k,60
text,t ɛ k s t,60
advance,ə d v æ n s,59
bible,b aɪ b ə l,59
budget,b ʌ dʒ ɪ t,59
conclusion,k ə n k l u ʒ ə n,59
drop,d ɹ ɑ p,59
exist,ɪ ɡ z ɪ s t,59
finds,f aɪ n d z,59
formula,f ɔ ɹ m j ə l ə,59
headed,h ɛ d ə d,59
housing,h aʊ z ɪ ŋ,59
judgment,dʒ ʌ dʒ m ə n t,59
lie,l aɪ,59
mine,m aɪ n,59
negroes,n i ɡ ɹ oʊ z,59
notice,n oʊ t ə s,59
novel,n ɑ v ə l,59
painting,p eɪ n t ɪ ŋ,59
parties,p ɑ ɹ t i z,59
plants,p l æ n t s,59
providing,p ɹ ə v aɪ d ɪ ŋ,59
repeated,ɹ ɪ p i t ɪ d,59
roof,ɹ u f,59
sensitive,s ɛ n s ə t ɪ v,59
sexual,s ɛ k ʃ u ə l,59
snow,s n oʊ,59
solution,s ə l u ʃ ə n,59
songs,s ɔ ŋ z,59
stories,s t ɔ ɹ i z,59
struck,s t ɹ ʌ k,59
taste,t eɪ s t,59
tension,t ɛ n ʃ ə n,59
thirty,θ ɝ d i,59
tree,t ɹ i,59
ultimate,ʌ l t ə m ə t,59
uses,j u s ə z,59
animals,æ n ə m ə l z,58
avoid,ə v ɔɪ d,58
busy,b ɪ z i,58
causes,k ɑ z ə z,58
commerce,k ɑ m ɝ s,58
critical,k ɹ ɪ t ɪ k ə l,58
culture,k ʌ l tʃ ɝ,58
dallas,d æ l ə s,58
emphasis,ɛ m f ə s ə s,58
establish,ɪ s t æ b l ɪ ʃ,58
exercise,ɛ k s ɝ s aɪ z,58
fairly,f ɛ ɹ l i,58
grounds,ɡ ɹ aʊ n d z,58
hence,h ɛ n s,58
hole,h oʊ l,58
india,ɪ n d i ə,58
leg,l ɛ ɡ,58
liked,l aɪ k t,58
lose,l u z,58
minor,m aɪ n ɝ,58
neighborhood,n eɪ b ɝ h ʊ d,58
occasion,ə k eɪ ʒ ə n,58
orders,ɔ ɹ d ɝ z,58
pale,p eɪ l,58
perfect,p ɝ f ɛ k t,58
previously,p ɹ i v i ə s l i,58
railroad,ɹ eɪ l ɹ oʊ d,58
remove,ɹ i m u v,58
roads,ɹ oʊ d z,58
roman,ɹ oʊ m ə n,58
safe,s eɪ f,58
sky,s k aɪ,58
smile,s m aɪ l,58
somebody,s ʌ m b ɑ d i,58
stone,s t oʊ n,58
surprised,s ɝ p ɹ aɪ z d,58
talked,t ɔ k t,58
tuesday,t u z d i,58
understood,ʌ n d ɝ s t ʊ d,58
unique,j u n i k,58
useful,j u s f ə l,58
wondered,w ʌ n d ɝ d,58
afraid,ə f ɹ eɪ d,57
alive,ə l aɪ v,57
apart,ə p ɑ ɹ t,57
apparent,ə p ɛ ɹ ə n t,57
appearance,ə p ɪ ɹ ə n s,57
artist,ɑ ɹ t ə s t,57
baseball,b eɪ s b ɔ l,57
bay,b eɪ,57
bear,b ɛ ɹ,57
becoming,b ɪ k ʌ m ɪ ŋ,57
beneath,b ɪ n i θ,57
birds,b ɝ d z,57
charged,tʃ ɑ ɹ dʒ d,57
combination,k ɑ m b ə n eɪ ʃ ə n,57
completion,k ə m p l i ʃ ə n,57
congo,k ɑ ŋ ɡ oʊ,57
details,d ɪ t eɪ l z,57
dictionary,d ɪ k ʃ ə n ɛ ɹ i,57
enjoyed,ɛ n dʒ ɔɪ d,57
entrance,ɛ n t ɹ ə n s,57
flowers,f l aʊ ɝ z,57
goods,ɡ ʊ d z,57
informed,ɪ n f ɔ ɹ m d,57
lewis,l u ɪ s,57
majority,m ə dʒ ɔ ɹ ə t i,57
notes,n oʊ t s,57
permitted,p ɝ m ɪ t ə d,57
processes,p ɹ ɑ s ɛ s ə z,57
professor,p ɹ ə f ɛ s ɝ,57
replied,ɹ ɪ p l aɪ d,57
requires,ɹ i k w aɪ ɝ z,57
sample,s æ m p ə l,57
shook,ʃ ʊ k,57
spot,s p ɑ t,57
truck,t ɹ ʌ k,57
truly,t ɹ u l i,57
uncle,ʌ ŋ k ə l,57
academic,æ k ə d ɛ m ɪ k,56
agency,eɪ dʒ ə n s i,56
apply,ə p l aɪ,56
bought,b ɑ t,56
chinese,tʃ aɪ n i z,56
confidence,k ɑ n f ə d ə n s,56
double,d ʌ b ə l,56
draw,d ɹ ɔ,56
entitled,ɛ n t aɪ t ə l d,56
evident,ɛ v ə d ə n t,56
fifteen,f ɪ f t i n,56
granted,ɡ ɹ æ n t ə d,56
guess,ɡ ɛ s,56
hat,h æ t,56
intensity,ɪ n t ɛ n s ə t i,56
joined,dʒ ɔɪ n d,56
loved,l ʌ v d,56
minds,m aɪ n d z,56
motor,m oʊ t ɝ,56
organized,ɔ ɹ ɡ ə n aɪ z d,56
palmer,p ɑ m ɝ,56
pure,p j ʊ ɹ,56
regarded,ɹ ə ɡ ɑ ɹ d ə d,56
represented,ɹ ɛ p ɹ ə z ɛ n t ə d,56
review,ɹ i v j u,56
september,s ɛ p t ɛ m b ɝ,56
soldiers,s oʊ l dʒ ɝ z,56
spite,s p aɪ t,56
vision,v ɪ ʒ ə n,56
vital,v aɪ t ə l,56
wage,w eɪ dʒ,56
wheel,w i l,56
wild,w aɪ l d,56
artists,ɑ ɹ t ə s t s,55
begins,b ɪ ɡ ɪ n z,55
britain,b ɹ ɪ t ə n,55
components,k ə m p oʊ n ə n t s,55
conduct,k ə n d ʌ k t,55
conducted,k ə n d ʌ k t ə d,55
cross,k ɹ ɔ s,55
cultural,k ʌ l tʃ ɝ ə l,55
demands,d ɪ m æ n d z,55
device,d ɪ v aɪ s,55
divided,d ɪ v aɪ d ə d,55
executive,ɪ ɡ z ɛ k j ə t ɪ v,55
extended,ɪ k s t ɛ n d ə d,55
firms,f ɝ m z,55
fort,f ɔ ɹ t,55
games,ɡ eɪ m z,55
generation,dʒ ɛ n ɝ eɪ ʃ ə n,55
huge,h j u dʒ,55
identity,aɪ d ɛ n t ə t i,55
improved,ɪ m p ɹ u v d,55
inner,ɪ n ɝ,55
item,aɪ t ə m,55
joe,dʒ oʊ,55
joseph,dʒ oʊ s ə f,55
marine,m ɝ i n,55
martin,m ɑ ɹ t ə n,55
minute,m ɪ n ə t,55
motion,m oʊ ʃ ə n,55
pick,p ɪ k,55
plenty,p l ɛ n t i,55
properly,p ɹ ɑ p ɝ l i,55
publication,p ʌ b l ɪ k eɪ ʃ ə n,55
rooms,ɹ u m z,55
runs,ɹ ʌ n z,55
sought,s ɔ t,55
sounds,s aʊ n d z,55
tall,t ɔ l,55
theme,θ i m,55
wagon,w æ ɡ ə n,55
win,w ɪ n,55
wished,w ɪ ʃ t,55
wood,w ʊ d,55
worry,w ɝ i,55
yellow,j ɛ l oʊ,55
attend,ə t ɛ n d,54
create,k ɹ i eɪ t,54
dear,d ɪ ɹ,54
decisions,d ɪ s ɪ ʒ ə n z,54
description,d ɪ s k ɹ ɪ p ʃ ə n,54
faced,f eɪ s t,54
forget,f ɝ ɡ ɛ t,54
interpretation,ɪ n t ɝ p ɹ ɪ t eɪ ʃ ə n,54
jews,dʒ u z,54
lake,l eɪ k,54
machines,m ə ʃ i n z,54
measurements,m ɛ ʒ ɝ m ə n t s,54
phone,f oʊ n,54
positions,p ə z ɪ ʃ ə n z,54
preparation,p ɹ ɛ p ɝ eɪ ʃ ə n,54
putting,p ʌ t ɪ ŋ,54
republican,ɹ ɪ p ʌ b l ɪ k ə n,54
risk,ɹ ɪ s k,54
rural,ɹ ʊ ɹ ə l,54
seat,s i t,54
smith,s m ɪ θ,54
soil,s ɔɪ l,54
suggest,s ə ɡ dʒ ɛ s t,54
supported,s ə p ɔ ɹ t ə d,54
symbol,s ɪ m b ə l,54
thoughts,θ ɔ t s,54
trained,t ɹ eɪ n d,54
unable,ə n eɪ b ə l,54
walking,w ɔ k ɪ ŋ,54
absence,æ b s ə n s,53
administrative,ə d m ɪ n ə s t ɹ eɪ t ɪ v,53
advanced,ə d v æ n s t,53
assigned,ə s aɪ n d,53
august,ɑ ɡ ə s t,53
band,b æ n d,53
bitter,b ɪ t ɝ,53
breakfast,b ɹ ɛ k f ə s t,53
breath,b ɹ ɛ θ,53
chest,tʃ ɛ s t,53
content,k ɑ n t ɛ n t,53
crowd,k ɹ aʊ d,53
depth,d ɛ p θ,53
disease,d ɪ z i z,53
driving,d ɹ aɪ v ɪ ŋ,53
examples,ɪ ɡ z æ m p ə l z,53
experienced,ɪ k s p ɪ ɹ i ə n s t,53
experiences,ɪ k s p ɪ ɹ i ə n s ɪ z,53
finding,f aɪ n d ɪ ŋ,53
grass,ɡ ɹ æ s,53
handle,h æ n d ə l,53
hudson,h ʌ d s ə n,53
january,dʒ æ n j u ɛ ɹ i,53
japanese,dʒ æ p ə n i z,53
largest,l ɑ ɹ dʒ ə s t,53
loose,l u s,53
negative,n ɛ ɡ ə t ɪ v,53
payment,p eɪ m ə n t,53
percent,p ɝ s ɛ n t,53
practically,p ɹ æ k t ə k l i,53
practices,p ɹ æ k t ə s ə z,53
prove,p ɹ u v,53
pushed,p ʊ ʃ t,53
remarks,ɹ ɪ m ɑ ɹ k s,53
sin,s ɪ n,53
slight,s l aɪ t,53
spend,s p ɛ n d,53
troops,t ɹ u p s,53
vehicles,v i h ɪ k ə l z,53
version,v ɝ ʒ ə n,53
welfare,w ɛ l f ɛ ɹ,53
wet,w ɛ t,53
windows,w ɪ n d oʊ z,53
wonderful,w ʌ n d ɝ f ə l,53
advice,æ d v aɪ s,52
alfred,æ l f ɹ ə d,52
bedroom,b ɛ d ɹ u m,52
centers,s ɛ n t ɝ z,52
characteristics,k ɛ ɹ ə k t ɝ ɪ s t ɪ k s,52
colors,k ʌ l ɝ z,52
conflict,k ɑ n f l ɪ k t,52
contrary,k ɑ n t ɹ ɛ ɹ i,52
correct,k ɝ ɛ k t,52
detailed,d ɪ t eɪ l d,52
detective,d ɪ t ɛ k t ɪ v,52
developing,d ɪ v ɛ l ə p ɪ ŋ,52
dozen,d ʌ z ə n,52
element,ɛ l ə m ə n t,52
establishment,ɪ s t æ b l ɪ ʃ m ə n t,52
eventually,ɪ v ɛ n tʃ ə w ə l i,52
flesh,f l ɛ ʃ,52
gold,ɡ oʊ l d,52
hero,h ɪ ɹ oʊ,52
indian,ɪ n d i ə n,52
introduced,ɪ n t ɹ ə d u s t,52
la,l ɑ,52
raise,ɹ eɪ z,52
silence,s aɪ l ə n s,52
telling,t ɛ l ɪ ŋ,52
theater,θ i ə t ɝ,52
trust,t ɹ ʌ s t,52
widely,w aɪ d l i,52
abroad,ə b ɹ ɔ d,51
achieve,ə tʃ i v,51
ages,eɪ dʒ ə z,51
agree,ə ɡ ɹ i,51
angle,æ ŋ ɡ ə l,51
approval,ə p ɹ u v ə l,51
arthur,ɑ ɹ θ ɝ,51
begun,b ɪ ɡ ʌ n,51
boats,b oʊ t s,51
conventional,k ə n v ɛ n ʃ ə n ə l,51
cousin,k ʌ z ə n,51
david,d eɪ v ɪ d,51
devoted,d ɪ v oʊ t ə d,51
easier,i z i ɝ,51
elections,ɪ l ɛ k ʃ ə n z,51
estate,ɪ s t eɪ t,51
foods,f u d z,51
gradually,ɡ ɹ æ dʒ u ə l i,51
guy,ɡ aɪ,51
investigation,ɪ n v ɛ s t ə ɡ eɪ ʃ ə n,51
laughed,l æ f t,51
listen,l ɪ s ə n,51
los,l oʊ s,51
necessarily,n ɛ s ə s ɛ ɹ ə l i,51
nodded,n ɑ d ə d,51
october,ɑ k t oʊ b ɝ,51
opportunities,ɑ p ɝ t u n ə t i z,51
papers,p eɪ p ɝ z,51
player,p l eɪ ɝ,51
protestant,p ɹ ɑ t ə s t ə n t,51
pull,p ʊ l,51
rear,ɹ ɪ ɹ,51
shoulders,ʃ oʊ l d ɝ z,51
sick,s ɪ k,51
situations,s ɪ tʃ u eɪ ʃ ə n z,51
stages,s t eɪ dʒ ə z,51
stream,s t ɹ i m,51
supreme,s ə p ɹ i m,51
surprise,s ɝ p ɹ aɪ z,51
throat,θ ɹ oʊ t,51
uniform,j u n ə f ɔ ɹ m,51
views,v j u z,51
warren,w ɔ ɹ ə n,51
waves,w eɪ v z,51
advertising,æ d v ɝ t aɪ z ɪ ŋ,50
assembly,ə s ɛ m b l i,50
automobile,ɔ t ə m oʊ b i l,50
brilliant,b ɹ ɪ l j ə n t,50
chain,tʃ eɪ n,50
childhood,tʃ aɪ l d h ʊ d,50
choose,tʃ u z,50
conversation,k ɑ n v ɝ s eɪ ʃ ə n,50
conviction,k ə n v ɪ k ʃ ə n,50
convinced,k ə n v ɪ n s t,50
courts,k ɔ ɹ t s,50
desired,d ɪ z aɪ ɝ d,50
efficiency,ɪ f ɪ ʃ ə n s i,50
eisenhower,aɪ z ə n h aʊ ɝ,50
engine,ɛ n dʒ ə n,50
expense,ɪ k s p ɛ n s,50
extra,ɛ k s t ɹ ə,50
extremely,ɪ k s t ɹ i m l i,50
female,f i m eɪ l,50
fill,f ɪ l,50
fundamental,f ʌ n d ə m ɛ n t ə l,50
hills,h ɪ l z,50
institute,ɪ n s t ə t u t,50
issued,ɪ ʃ u d,50
knowing,n oʊ ɪ ŋ,50
latin,l æ t ə n,50
massachusetts,m æ s ə tʃ u s ə t s,50
mention,m ɛ n ʃ ə n,50
moments,m oʊ m ə n t s,50
motors,m oʊ t ɝ z,50
noticed,n oʊ t ə s t,50
pair,p ɛ ɹ,50
philadelphia,f ɪ l ə d ɛ l f i ə,50
proud,p ɹ aʊ d,50
strike,s t ɹ aɪ k,50
taught,t ɔ t,50
television,t ɛ l ə v ɪ ʒ ə n,50
tiny,t aɪ n i,50
towns,t aʊ n z,50
welcome,w ɛ l k ə m,50
wooden,w ʊ d ə n,50
worse,w ɝ s,50
acceptance,æ k s ɛ p t ə n s,49
burning,b ɝ n ɪ ŋ,49
consideration,k ə n s ɪ d ɝ eɪ ʃ ə n,49
constitution,k ɑ n s t ə t u ʃ ə n,49
count,k aʊ n t,49
creative,k ɹ i eɪ t ɪ v,49
depends,d ɪ p ɛ n d z,49
driver,d ɹ aɪ v ɝ,49
employed,ɛ m p l ɔɪ d,49
firmly,f ɝ m l i,49
holy,h oʊ l i,49
hopes,h oʊ p s,49
impressive,ɪ m p ɹ ɛ s ɪ v,49
incident,ɪ n s ə d ə n t,49
leaves,l i v z,49
measures,m ɛ ʒ ɝ z,49
milk,m ɪ l k,49
millions,m ɪ l j ə n z,49
operator,ɑ p ɝ eɪ t ɝ,49
partly,p ɑ ɹ t l i,49
passage,p æ s ə dʒ,49
payments,p eɪ m ə n t s,49
quietly,k w aɪ ə t l i,49
request,ɹ ɪ k w ɛ s t,49
ride,ɹ aɪ d,49
silent,s aɪ l ə n t,49
speaker,s p i k ɝ,49
sports,s p ɔ ɹ t s,49
tendency,t ɛ n d ə n s i,49
till,t ɪ l,49
tragedy,t ɹ æ dʒ ə d i,49
anger,æ ŋ ɡ ɝ,48
attitudes,æ t ə t u d z,48
charlie,tʃ ɑ ɹ l i,48
comparison,k ə m p ɛ ɹ ə s ə n,48
concrete,k ə n k ɹ i t,48
cry,k ɹ aɪ,48
destroy,d ɪ s t ɹ ɔɪ,48
drinking,d ɹ ɪ ŋ k ɪ ŋ,48
formal,f ɔ ɹ m ə l,48
functions,f ʌ ŋ k ʃ ə n z,48
grand,ɡ ɹ æ n d,48
guard,ɡ ɑ ɹ d,48
hearst,h ɝ s t,48
hoped,h oʊ p t,48
integration,ɪ n t ə ɡ ɹ eɪ ʃ ə n,48
intelligence,ɪ n t ɛ l ə dʒ ə n s,48
limit,l ɪ m ə t,48
liquid,l ɪ k w ə d,48
maintained,m eɪ n t eɪ n d,48
mantle,m æ n t ə l,48
mile,m aɪ l,48
missile,m ɪ s ə l,48
occasionally,ə k eɪ ʒ ə n ə l i,48
operate,ɑ p ɝ eɪ t,48
personality,p ɝ s ə n æ l ɪ t i,48
pink,p ɪ ŋ k,48
plain,p l eɪ n,48
poem,p oʊ ə m,48
precisely,p ɹ ɪ s aɪ s l i,48
resistance,ɹ ɪ z ɪ s t ə n s,48
rolled,ɹ oʊ l d,48
royal,ɹ ɔɪ ə l,48
screen,s k ɹ i n,48
shooting,ʃ u t ɪ ŋ,48
sorry,s ɑ ɹ i,48
suit,s u t,48
swung,s w ʌ ŋ,48
tired,t aɪ ɝ d,48
twelve,t w ɛ l v,48
via,v aɪ ə,48
angeles,æ n dʒ ə l ɪ s,47
aspect,æ s p ɛ k t,47
bills,b ɪ l z,47
blind,b l aɪ n d,47
boards,b ɔ ɹ d z,47
bonds,b ɑ n d z,47
concentration,k ɑ n s ə n t ɹ eɪ ʃ ə n,47
congregation,k ɑ ŋ ɡ ɹ ə ɡ eɪ ʃ ə n,47
considering,k ə n s ɪ d ɝ ɪ ŋ,47
cook,k ʊ k,47
cuba,k j u b ə,47
denied,d ɪ n aɪ d,47
deny,d ɪ n aɪ,47
employment,ɛ m p l ɔɪ m ə n t,47
engaged,ɛ n ɡ eɪ dʒ d,47
essentially,ɪ s ɛ n ʃ ə l i,47
everywhere,ɛ v ɹ i w ɛ ɹ,47
expansion,ɪ k s p æ n ʃ ə n,47
expenses,ɪ k s p ɛ n s ə z,47
fears,f ɪ ɹ z,47
grant,ɡ ɹ æ n t,47
honest,ɑ n ə s t,47
humor,h j u m ɝ,47
instrument,ɪ n s t ɹ ə m ə n t,47
italian,ɪ t æ l j ə n,47
lights,l aɪ t s,47
lincoln,l ɪ ŋ k ə n,47
luck,l ʌ k,47
mail,m eɪ l,47
manufacturers,m æ n j ə f æ k tʃ ɝ ɝ z,47
mere,m ɪ ɹ,47
models,m ɑ d ə l z,47
moscow,m ɑ s k oʊ,47
movements,m u v m ə n t s,47
northern,n ɔ ɹ ð ɝ n,47
numerous,n u m ɝ ə s,47
opera,ɑ p ɹ ə,47
patterns,p æ t ɝ n z,47
periods,p ɪ ɹ i ə d z,47
prior,p ɹ aɪ ɝ,47
provision,p ɹ ə v ɪ ʒ ə n,47
purchase,p ɝ tʃ ə s,47
remarkable,ɹ ɪ m ɑ ɹ k ə b ə l,47
representative,ɹ ɛ p ɹ ə z ɛ n t ə t ɪ v,47
ring,ɹ ɪ ŋ,47
safety,s eɪ f t i,47
singing,s ɪ ŋ ɪ ŋ,47
skin,s k ɪ n,47
sold,s oʊ l d,47
soul,s oʊ l,47
stairs,s t ɛ ɹ z,47
supplies,s ə p l aɪ z,47
surely,ʃ ʊ ɹ l i,47
testimony,t ɛ s t ə m oʊ n i,47
thousands,θ aʊ z ə n d z,47
unknown,ə n n oʊ n,47
vacation,v eɪ k eɪ ʃ ə n,47
wearing,w ɛ ɹ ɪ ŋ,47
anyway,ɛ n i w eɪ,46
artery,ɑ ɹ t ɝ i,46
atomic,ə t ɑ m ɪ k,46
author,ɔ θ ɝ,46
avenue,æ v ə n u,46
award,ə w ɔ ɹ d,46
bond,b ɑ n d,46
centuries,s ɛ n tʃ ɝ i z,46
chamber,tʃ eɪ m b ɝ,46
conscious,k ɑ n ʃ ə s,46
creation,k ɹ i eɪ ʃ ə n,46
curious,k j ʊ ɹ i ə s,46
dangerous,d eɪ n dʒ ɝ ə s,46
decade,d ɛ k eɪ d,46
difficulties,d ɪ f ə k ə l t i z,46
doctrine,d ɑ k t ɹ ə n,46
dollar,d ɑ l ɝ,46
electrical,ɪ l ɛ k t ɹ ɪ k ə l,46
encourage,ɛ n k ɝ ɪ dʒ,46
engineering,ɛ n dʒ ə n ɪ ɹ ɪ ŋ,46
equivalent,ɪ k w ɪ v ə l ə n t,46
fiction,f ɪ k ʃ ə n,46
flight,f l aɪ t,46
fought,f ɔ t,46
georgia,dʒ ɔ ɹ dʒ ə,46
identified,aɪ d ɛ n t ə f aɪ d,46
insurance,ɪ n ʃ ʊ ɹ ə n s,46
legislation,l ɛ dʒ ə s l eɪ ʃ ə n,46
liberty,l ɪ b ɝ t i,46
loan,l oʊ n,46
losses,l ɔ s ə z,46
native,n eɪ t ɪ v,46
opposition,ɑ p ə z ɪ ʃ ə n,46
panels,p æ n ə l z,46
percentage,p ɝ s ɛ n t ə dʒ,46
pocket,p ɑ k ə t,46
precision,p ɹ i s ɪ ʒ ə n,46
recommended,ɹ ɛ k ə m ɛ n d ə d,46
relative,ɹ ɛ l ə t ɪ v,46
salt,s ɔ l t,46
seriously,s ɪ ɹ i ə s l i,46
shares,ʃ ɛ ɹ z,46
shut,ʃ ʌ t,46
superior,s u p ɪ ɹ i ɝ,46
threw,θ ɹ u,46
trend,t ɹ ɛ n d,46
violence,v aɪ ə l ə n s,46
wave,w eɪ v,46
weakness,w i k n ə s,46
wright,ɹ aɪ t,46
adopted,ə d ɑ p t ə d,45
africa,æ f ɹ ə k ə,45
alexander,æ l ə ɡ z æ n d ɝ,45
angry,æ ŋ ɡ ɹ i,45
approached,ə p ɹ oʊ tʃ t,45
ballet,b æ l eɪ,45
brain,b ɹ eɪ n,45
calling,k ɔ l ɪ ŋ,45
cast,k æ s t,45
charges,tʃ ɑ ɹ dʒ ə z,45
contain,k ə n t eɪ n,45
containing,k ə n t eɪ n ɪ ŋ,45
cup,k ʌ p,45
curve,k ɝ v,45
depend,d ɪ p ɛ n d,45
diameter,d aɪ æ m ə t ɝ,45
discovery,d ɪ s k ʌ v ɝ i,45
edward,ɛ d w ɝ d,45
elsewhere,ɛ l s w ɛ ɹ,45
expenditures,ɪ k s p ɛ n d ə tʃ ɝ z,45
february,f ɛ b j ə w ɛ ɹ i,45
feels,f i l z,45
ice,aɪ s,45
impression,ɪ m p ɹ ɛ ʃ ə n,45
includes,ɪ n k l u d z,45
intended,ɪ n t ɛ n d ə d,45
interference,ɪ n t ɝ f ɪ ɹ ə n s,45
load,l oʊ d,45
lucy,l u s i,45
meat,m i t,45
medium,m i d i ə m,45
mold,m oʊ l d,45
mounted,m aʊ n t ə d,45
nearby,n ɪ ɹ b aɪ,45
offers,ɔ f ɝ z,45
offices,ɔ f ə s ə z,45
pennsylvania,p ɛ n s ə l v eɪ n j ə,45
prime,p ɹ aɪ m,45
promise,p ɹ ɑ m ə s,45
promised,p ɹ ɑ m ə s t,45
qualities,k w ɑ l ə t i z,45
referred,ɹ ə f ɝ d,45
residential,ɹ ɛ z ɪ d ɛ n tʃ ə l,45
riding,ɹ aɪ d ɪ ŋ,45
sheet,ʃ i t,45
steel,s t i l,45
sum,s ʌ m,45
target,t ɑ ɹ ɡ ə t,45
taxes,t æ k s ə z,45
terrible,t ɛ ɹ ə b ə l,45
universal,j u n ə v ɝ s ə l,45
valuable,v æ l j ə b ə l,45
watson,w ɑ t s ə n,45
accomplished,ə k ɑ m p l ɪ ʃ t,44
acres,eɪ k ɝ z,44
adam,æ d ə m,44
admitted,ə d m ɪ t ə d,44
agent,eɪ dʒ ə n t,44
amounts,ə m aʊ n t s,44
answers,æ n s ɝ z,44
arranged,ɝ eɪ n dʒ d,44
asia,eɪ ʒ ə,44
brush,b ɹ ʌ ʃ,44
burden,b ɝ d ə n,44
changing,tʃ eɪ n dʒ ɪ ŋ,44
climbed,k l aɪ m d,44
collected,k ə l ɛ k t ə d,44
confused,k ə n f j u z d,44
confusion,k ə n f j u ʒ ə n,44
considerably,k ə n s ɪ d ɝ ə b l i,44
continuous,k ə n t ɪ n j u ə s,44
contribute,k ə n t ɹ ɪ b j u t,44
developments,d ɪ v ɛ l ə p m ə n t s,44
driven,d ɹ ɪ v ə n,44
enjoy,ɛ n dʒ ɔɪ,44
errors,ɛ ɹ ɝ z,44
expensive,ɪ k s p ɛ n s ɪ v,44
extensive,ɪ k s t ɛ n s ɪ v,44
fired,f aɪ ɝ d,44
fun,f ʌ n,44
hans,h ɑ n s,44
helping,h ɛ l p ɪ ŋ,44
hundreds,h ʌ n d ɹ ə d z,44
lies,l aɪ z,44
listed,l ɪ s t ə d,44
lovely,l ʌ v l i,44
mama,m ɑ m ə,44
manchester,m æ n tʃ ɛ s t ɝ,44
mobile,m oʊ b ə l,44
mostly,m oʊ s t l i,44
odd,ɑ d,44
opinions,ə p ɪ n j ə n z,44
origin,ɔ ɹ ə dʒ ə n,44
oxygen,ɑ k s ə dʒ ə n,44
path,p æ θ,44
pilot,p aɪ l ə t,44
pounds,p aʊ n d z,44
recognition,ɹ ɛ k ə ɡ n ɪ ʃ ə n,44
sale,s eɪ l,44
seeking,s i k ɪ ŋ,44
shoes,ʃ u z,44
slaves,s l eɪ v z,44
snake,s n eɪ k,44
spirits,s p ɪ ɹ ə t s,44
suffering,s ʌ f ɝ ɪ ŋ,44
tables,t eɪ b ə l z,44
thickness,θ ɪ k n ə s,44
volumes,v ɑ l j u m z,44
warning,w ɔ ɹ n ɪ ŋ,44
washing,w ɑ ʃ ɪ ŋ,44
wisdom,w ɪ z d ə m,44
younger,j ʌ ŋ ɡ ɝ,44
believes,b ɪ l i v z,43
bureau,b j ʊ ɹ oʊ,43
catch,k æ tʃ,43
cloth,k l ɔ θ,43
coat,k oʊ t,43
comfort,k ʌ m f ɝ t,43
concerns,k ə n s ɝ n z,43
consists,k ə n s ɪ s t s,43
core,k ɔ ɹ,43
dancing,d æ n s ɪ ŋ,43
darkness,d ɑ ɹ k n ə s,43
dealing,d i l ɪ ŋ,43
dirt,d ɝ t,43
drama,d ɹ ɑ m ə,43
emotions,ɪ m oʊ ʃ ə n z,43
environment,ɪ n v aɪ ɹ ə n m ə n t,43
explanation,ɛ k s p l ə n eɪ ʃ ə n,43
external,ɪ k s t ɝ n ə l,43
flying,f l aɪ ɪ ŋ,43
grown,ɡ ɹ oʊ n,43
heads,h ɛ d z,43
heaven,h ɛ v ə n,43
identification,aɪ d ɛ n t ə f ə k eɪ ʃ ə n,43
insisted,ɪ n s ɪ s t ə d,43
investment,ɪ n v ɛ s t m ə n t,43
iron,aɪ ɝ n,43
lawyer,l ɔ j ɝ,43
lifted,l ɪ f t ə d,43
liquor,l ɪ k ɝ,43
marketing,m ɑ ɹ k ə t ɪ ŋ,43
mental,m ɛ n t ə l,43
mountains,m aʊ n t ə n z,43
occur,ə k ɝ,43
pace,p eɪ s,43
porch,p ɔ ɹ tʃ,43
rapid,ɹ æ p ə d,43
raw,ɹ ɑ,43
reaching,ɹ i tʃ ɪ ŋ,43
reader,ɹ i d ɝ,43
readily,ɹ ɛ d ə l i,43
recorded,ɹ ə k ɔ ɹ d ə d,43
recreation,ɹ ɛ k ɹ i eɪ ʃ ə n,43
republic,ɹ i p ʌ b l ə k,43
resulting,ɹ ɪ z ʌ l t ɪ ŋ,43
route,ɹ u t,43
salary,s æ l ɝ i,43
saved,s eɪ v d,43
separated,s ɛ p ɝ eɪ t ə d,43
ships,ʃ ɪ p s,43
switch,s w ɪ tʃ,43
technology,t ɛ k n ɑ l ə dʒ i,43
tend,t ɛ n d,43
tour,t ʊ ɹ,43
transportation,t ɹ æ n s p ɝ t eɪ ʃ ə n,43
warfare,w ɔ ɹ f ɛ ɹ,43
whenever,w ɛ n ɛ v ɝ,43
adams,æ d ə m z,42
anne,æ n,42
anxiety,æ ŋ z aɪ ə t i,42
anybody,ɛ n i b ə d i,42
appointed,ə p ɔɪ n t ə d,42
bag,b æ ɡ,42
bound,b aʊ n d,42
civilization,s ɪ v ə l ɪ z eɪ ʃ ə n,42
comment,k ɑ m ɛ n t,42
cooling,k u l ɪ ŋ,42
crossed,k ɹ ɔ s t,42
demanded,d ɪ m æ n d ə d,42
distinct,d ɪ s t ɪ ŋ k t,42
distinguished,d ɪ s t ɪ ŋ ɡ w ɪ ʃ t,42
ease,i z,42
editorial,ɛ d ə t ɔ ɹ i ə l,42
engineer,ɛ n dʒ ə n ɪ ɹ,42
excess,ɛ k s ɛ s,42
exists,ɪ ɡ z ɪ s t s,42
express,ɪ k s p ɹ ɛ s,42
golden,ɡ oʊ l d ə n,42
guns,ɡ ʌ n z,42
hardy,h ɑ ɹ d i,42
hate,h eɪ t,42
holds,h oʊ l d z,42
increasingly,ɪ n k ɹ i s ɪ ŋ l i,42
journal,dʒ ɝ n ə l,42
linda,l ɪ n d ə,42
lots,l ɑ t s,42
muscle,m ʌ s ə l,42
nineteenth,n aɪ n t i n θ,42
obtain,ə b t eɪ n,42
particles,p ɑ ɹ t ə k ə l z,42
possibilities,p ɑ s ə b ɪ l ə t i z,42
pride,p ɹ aɪ d,42
prison,p ɹ ɪ z ə n,42
rachel,ɹ eɪ tʃ ə l,42
reactions,ɹ i æ k ʃ ə n z,42
reduction,ɹ ə d ʌ k ʃ ə n,42
reflected,ɹ ə f l ɛ k t ə d,42
regional,ɹ i dʒ ə n ə l,42
replaced,ɹ i p l eɪ s t,42
reply,ɹ ɪ p l aɪ,42
seeds,s i d z,42
skill,s k ɪ l,42
smooth,s m u ð,42
suffered,s ʌ f ɝ d,42
sufficiently,s ə f ɪ ʃ ə n t l i,42
threat,θ ɹ ɛ t,42
throw,θ ɹ oʊ,42
touched,t ʌ tʃ t,42
unlike,ə n l aɪ k,42
urban,ɝ b ə n,42
varied,v ɛ ɹ i d,42
varying,v ɛ ɹ i ɪ ŋ,42
wages,w eɪ dʒ ə z,42
waters,w ɔ t ɝ z,42
weapon,w ɛ p ə n,42
wire,w aɪ ɝ,42
arc,ɑ ɹ k,41
assumption,ə s ʌ m p ʃ ə n,41
bread,b ɹ ɛ d,41
brothers,b ɹ ʌ ð ɝ z,41
carl,k ɑ ɹ l,41
communities,k ə m j u n ə t i z,41
comparable,k ɑ m p ɝ ə b ə l,41
constantly,k ɑ n s t ə n t l i,41
continues,k ə n t ɪ n j u z,41
describe,d ɪ s k ɹ aɪ b,41
display,d ɪ s p l eɪ,41
distinction,d ɪ s t ɪ ŋ k ʃ ə n,41
downtown,d aʊ n t aʊ n,41
favorite,f eɪ v ɝ ɪ t,41
fed,f ɛ d,41
francisco,f ɹ æ n s ɪ s k oʊ,41
funny,f ʌ n i,41
henrietta,h ɛ n ɹ i ɛ t ə,41
institution,ɪ n s t ɪ t u ʃ ə n,41
involves,ɪ n v ɑ l v z,41
kate,k eɪ t,41
limits,l ɪ m ə t s,41
match,m æ tʃ,41
musicians,m j u z ɪ ʃ ə n z,41
opposed,ə p oʊ z d,41
participation,p ɑ ɹ t ɪ s ə p eɪ ʃ ə n,41
pike,p aɪ k,41
pleased,p l i z d,41
proposal,p ɹ ə p oʊ z ə l,41
psychological,s aɪ k ə l ɑ dʒ ɪ k ə l,41
queen,k w i n,41
rare,ɹ ɛ ɹ,41
rarely,ɹ ɛ ɹ l i,41
remaining,ɹ ɪ m eɪ n ɪ ŋ,41
removal,ɹ ɪ m u v ə l,41
representatives,ɹ ɛ p ɹ ə z ɛ n t ə t ɪ v z,41
restaurant,ɹ ɛ s t ɝ ɑ n t,41
rough,ɹ ʌ f,41
sake,s eɪ k,41
seed,s i d,41
sell,s ɛ l,41
shift,ʃ ɪ f t,41
smoke,s m oʊ k,41
societies,s ə s aɪ ə t i z,41
spending,s p ɛ n d ɪ ŋ,41
steady,s t ɛ d i,41
storage,s t ɔ ɹ ə dʒ,41
teach,t i tʃ,41
tissue,t ɪ s j u,41
vice,v aɪ s,41
virtually,v ɝ tʃ u ə l i,41
visited,v ɪ z ə t ə d,41
whereas,w ɛ ɹ æ z,41
writes,ɹ aɪ t s,41
afford,ə f ɔ ɹ d,40
approved,ə p ɹ u v d,40
atlantic,ə t l æ n t ɪ k,40
atoms,æ t ə m z,40
automatic,ɔ t ə m æ t ɪ k,40
bars,b ɑ ɹ z,40
bob,b ɑ b,40
brings,b ɹ ɪ ŋ z,40
burned,b ɝ n d,40
combined,k ə m b aɪ n d,40
composed,k ə m p oʊ z d,40
conscience,k ɑ n ʃ ə n s,40
criticism,k ɹ ɪ t ɪ s ɪ z ə m,40
customers,k ʌ s t ə m ɝ z,40
dean,d i n,40
decide,d ɪ s aɪ d,40
democrats,d ɛ m ə k ɹ æ t s,40
dependent,d ɪ p ɛ n d ə n t,40
desegregation,d ɪ s ɛ ɡ ɹ ə ɡ eɪ ʃ ə n,40
discover,d ɪ s k ʌ v ɝ,40
drawing,d ɹ ɔ ɪ ŋ,40
eleven,ɪ l ɛ v ə n,40
exception,ɪ k s ɛ p ʃ ə n,40
existed,ɪ ɡ z ɪ s t ə d,40
finger,f ɪ ŋ ɡ ɝ,40
focus,f oʊ k ə s,40
glance,ɡ l æ n s,40
goals,ɡ oʊ l z,40
grace,ɡ ɹ eɪ s,40
guidance,ɡ aɪ d ə n s,40
handsome,h æ n s ə m,40
happens,h æ p ə n z,40
highway,h aɪ w eɪ,40
illinois,ɪ l ə n ɔɪ,40
improvement,ɪ m p ɹ u v m ə n t,40
indicates,ɪ n d ɪ k eɪ t s,40
intense,ɪ n t ɛ n s,40
joy,dʒ ɔɪ,40
laboratory,l æ b ɹ ə t ɔ ɹ i,40
languages,l æ ŋ ɡ w ə dʒ ə z,40
legislative,l ɛ dʒ ə s l eɪ t ɪ v,40
missed,m ɪ s t,40
necessity,n ə s ɛ s ə t i,40
neighbors,n eɪ b ɝ z,40
notion,n oʊ ʃ ə n,40
observations,ɑ b z ɝ v eɪ ʃ ə n z,40
orleans,ɔ ɹ l i ə n z,40
painted,p eɪ n t ə d,40
papa,p ɑ p ə,40
parallel,p ɛ ɹ ə l ɛ l,40
permanent,p ɝ m ə n ə n t,40
personally,p ɝ s ə n ə l i,40
pope,p oʊ p,40
presumably,p ɹ ə z u m ə b l i,40
prominent,p ɹ ɑ m ə n ə n t,40
proof,p ɹ u f,40
regarding,ɹ ə ɡ ɑ ɹ d ɪ ŋ,40
regions,ɹ i dʒ ə n z,40
rode,ɹ oʊ d,40
senator,s ɛ n ə t ɝ,40
shared,ʃ ɛ ɹ d,40
shear,ʃ ɪ ɹ,40
shouted,ʃ aʊ t ə d,40
stepped,s t ɛ p t,40
stranger,s t ɹ eɪ n dʒ ɝ,40
studying,s t ʌ d i ɪ ŋ,40
talent,t æ l ə n t,40
thoroughly,θ ɝ oʊ l i,40
thrown,θ ɹ oʊ n,40
tool,t u l,40
treasury,t ɹ ɛ ʒ ɝ i,40
visual,v ɪ ʒ ə w ə l,40
walter,w ɔ l t ɝ,40
winston,w ɪ n s t ə n,40
acts,æ k t s,39
agents,eɪ dʒ ə n t s,39
allotment,ə l ɑ t m ə n t,39
anywhere,ɛ n i w ɛ ɹ,39
assured,ə ʃ ʊ ɹ d,39
attractive,ə t ɹ æ k t ɪ v,39
authorities,ə θ ɔ ɹ ə t i z,39
code,k oʊ d,39
colleges,k ɑ l ɪ dʒ ɪ z,39
comedy,k ɑ m ə d i,39
communists,k ɑ m j ə n ə s t s,39
concert,k ɑ n s ɝ t,39
contributed,k ə n t ɹ ɪ b j u t ɪ d,39
controlled,k ə n t ɹ oʊ l d,39
cooperation,k oʊ ɑ p ɝ eɪ ʃ ə n,39
deeply,d i p l i,39
defined,d ɪ f aɪ n d,39
derived,d ɝ aɪ v d,39
destroyed,d ɪ s t ɹ ɔɪ d,39
determination,d ɪ t ɝ m ə n eɪ ʃ ə n,39
emergency,ɪ m ɝ dʒ ə n s i,39
estimate,ɛ s t ə m ə t,39
finish,f ɪ n ɪ ʃ,39
forever,f ɝ ɛ v ɝ,39
furniture,f ɝ n ɪ tʃ ɝ,39
furthermore,f ɝ ð ɝ m ɔ ɹ,39
gained,ɡ eɪ n d,39
guest,ɡ ɛ s t,39
holes,h oʊ l z,39
hydrogen,h aɪ d ɹ ə dʒ ə n,39
improve,ɪ m p ɹ u v,39
inch,ɪ n tʃ,39
introduction,ɪ n t ɹ ə d ʌ k ʃ ə n,39
joint,dʒ ɔɪ n t,39
lawrence,l ɔ ɹ ə n s,39
legislature,l ɛ dʒ ə s l eɪ tʃ ɝ,39
listening,l ɪ s ə n ɪ ŋ,39
mad,m æ d,39
magazine,m æ ɡ ə z i n,39
mankind,m æ n k aɪ n d,39
maturity,m ə tʃ ʊ ɹ ə t i,39
mississippi,m ɪ s ɪ s ɪ p i,39
mystery,m ɪ s t ɝ i,39
neutral,n u t ɹ ə l,39
objectives,ə b dʒ ɛ k t ɪ v z,39
provisions,p ɹ ə v ɪ ʒ ə n z,39
rayburn,ɹ eɪ b ɝ n,39
recall,ɹ i k ɔ l,39
represents,ɹ ɛ p ɹ ə z ɛ n t s,39
revealed,ɹ ɪ v i l d,39
satisfactory,s æ t ə s f æ k t ɹ i,39
selection,s ə l ɛ k ʃ ə n,39
self,s ɛ l f,39
severe,s ə v ɪ ɹ,39
sleeping,s l i p ɪ ŋ,39
soldier,s oʊ l dʒ ɝ,39
stick,s t ɪ k,39
striking,s t ɹ aɪ k ɪ ŋ,39
transfer,t ɹ æ n s f ɝ,39
trials,t ɹ aɪ ə l z,39
tv,t i v i,39
accounts,ə k aʊ n t s,38
agricultural,æ ɡ ɹ ə k ʌ l tʃ ɝ ə l,38
arrangements,ɝ eɪ n dʒ m ə n t s,38
attempts,ə t ɛ m p t s,38
axis,æ k s ə s,38
briefly,b ɹ i f l i,38
bringing,b ɹ ɪ ŋ ɪ ŋ,38
candidates,k æ n d ə d eɪ t s,38
clouds,k l aʊ d z,38
consumer,k ə n s u m ɝ,38
contains,k ə n t eɪ n z,38
copy,k ɑ p i,38
corresponding,k ɔ ɹ ə s p ɑ n d ɪ ŋ,38
cotton,k ɑ t ə n,38
definition,d ɛ f ə n ɪ ʃ ə n,38
destruction,d ɪ s t ɹ ʌ k ʃ ə n,38
districts,d ɪ s t ɹ ɪ k t s,38
ears,ɪ ɹ z,38
experimental,ɪ k s p ɛ ɹ ɪ m ɛ n t ə l,38
experts,ɛ k s p ɝ t s,38
fifth,f ɪ f θ,38
forgotten,f ɝ ɡ ɑ t ə n,38
foundation,f aʊ n d eɪ ʃ ə n,38
glad,ɡ l æ d,38
handed,h æ n d ə d,38
handling,h æ n d l ɪ ŋ,38
inevitably,ɪ n ɛ v ə t ə b l i,38
instant,ɪ n s t ə n t,38
japan,dʒ ə p æ n,38
knees,n i z,38
leaned,l i n d,38
mayor,m eɪ ɝ,38
newspapers,n u z p eɪ p ɝ z,38
ohio,oʊ h aɪ oʊ,38
onset,ɑ n s ɛ t,38
organic,ɔ ɹ ɡ æ n ɪ k,38
palace,p æ l ə s,38
paul,p ɔ l,38
piano,p i æ n oʊ,38
pleasant,p l ɛ z ə n t,38
pressures,p ɹ ɛ ʃ ɝ z,38
primitive,p ɹ ɪ m ə t ɪ v,38
processing,p ɹ ɑ s ɛ s ɪ ŋ,38
random,ɹ æ n d ə m,38
reception,ɹ ɪ s ɛ p ʃ ə n,38
regardless,ɹ ə ɡ ɑ ɹ d l ə s,38
relationships,ɹ i l eɪ ʃ ə n ʃ ɪ p s,38
represent,ɹ ɛ p ɹ ə z ɛ n t,38
robinson,ɹ ɑ b ə n s ə n,38
sacred,s eɪ k ɹ ə d,38
scheduled,s k ɛ dʒ ʊ l d,38
serving,s ɝ v ɪ ŋ,38
sharply,ʃ ɑ ɹ p l i,38
simultaneously,s aɪ m ə l t eɪ n i ə s l i,38
sister,s ɪ s t ɝ,38
specifically,s p ə s ɪ f ɪ k l i,38
sudden,s ʌ d ə n,38
temple,t ɛ m p ə l,38
thompson,t ɑ m p s ə n,38
thyroid,θ aɪ ɹ ɔɪ d,38
tonight,t ə n aɪ t,38
track,t ɹ æ k,38
turns,t ɝ n z,38
voices,v ɔɪ s ə z,38
accompanied,ə k ʌ m p ə n i d,37
admit,ə d m ɪ t,37
aim,eɪ m,37
assure,ə ʃ ʊ ɹ,37
atom,æ t ə m,37
authorized,ɔ θ ɝ aɪ z d,37
banks,b æ ŋ k s,37
belong,b ɪ l ɔ ŋ,37
blocks,b l ɑ k s,37
chicken,tʃ ɪ k ə n,37
chose,tʃ oʊ z,37
cleaning,k l i n ɪ ŋ,37
colonel,k ɝ n ə l,37
comfortable,k ʌ m f ɝ t ə b ə l,37
constructed,k ə n s t ɹ ʌ k t ə d,37
contribution,k ɑ n t ɹ ə b j u ʃ ə n,37
deeper,d i p ɝ,37
definite,d ɛ f ə n ə t,37
delivered,d ɪ l ɪ v ɝ d,37
devices,d ɪ v aɪ s ə z,37
distant,d ɪ s t ə n t,37
drunk,d ɹ ʌ ŋ k,37
edges,ɛ dʒ ə z,37
edition,ə d ɪ ʃ ə n,37
effectively,ɪ f ɛ k t ɪ v l i,37
enormous,ɪ n ɔ ɹ m ə s,37
fail,f eɪ l,37
feature,f i tʃ ɝ,37
foam,f oʊ m,37
fool,f u l,37
formation,f ɔ ɹ m eɪ ʃ ə n,37
gate,ɡ eɪ t,37
harbor,h ɑ ɹ b ɝ,37
holmes,h oʊ m z,37
hurt,h ɝ t,37
illusion,ɪ l u ʒ ə n,37
illustrated,ɪ l ə s t ɹ eɪ t ə d,37
images,ɪ m ə dʒ ə z,37
innocent,ɪ n ə s ə n t,37
magic,m æ dʒ ɪ k,37
male,m eɪ l,37
mixed,m ɪ k s t,37
mood,m u d,37
navy,n eɪ v i,37
noise,n ɔɪ z,37
occasional,ə k eɪ ʒ ə n ə l,37
outstanding,aʊ t s t æ n d ɪ ŋ,37
paint,p eɪ n t,37
plot,p l ɑ t,37
profession,p ɹ ə f ɛ ʃ ə n,37
push,p ʊ ʃ,37
questionnaire,k w ɛ s tʃ ə n ɛ ɹ,37
readers,ɹ i d ɝ z,37
release,ɹ i l i s,37
reserve,ɹ ɪ z ɝ v,37
resulted,ɹ ɪ z ʌ l t ɪ d,37
roberts,ɹ ɑ b ɝ t s,37
roy,ɹ ɔɪ,37
serves,s ɝ v z,37
signed,s aɪ n d,37
skills,s k ɪ l z,37
species,s p i ʃ i z,37
spoken,s p oʊ k ə n,37
staining,s t eɪ n ɪ ŋ,37
stomach,s t ʌ m ə k,37
stronger,s t ɹ ɔ ŋ ɝ,37
strongly,s t ɹ ɔ ŋ l i,37
supper,s ʌ p ɝ,37
survey,s ɝ v eɪ,37
susan,s u z ə n,37
swimming,s w ɪ m ɪ ŋ,37
tested,t ɛ s t ə d,37
thanks,θ æ ŋ k s,37
tremendous,t ɹ ə m ɛ n d ə s,37
accuracy,æ k j ɝ ə s i,36
affected,ə f ɛ k t ə d,36
assistant,ə s ɪ s t ə n t,36
attended,ə t ɛ n d ə d,36
automatically,ɔ t ə m æ t ɪ k l i,36
baker,b eɪ k ɝ,36
beings,b i ɪ ŋ z,36
binomial,b aɪ n oʊ m i ə l,36
bomb,b ɑ m,36
camera,k æ m ɝ ə,36
cards,k ɑ ɹ d z,36
cash,k æ ʃ,36
challenge,tʃ æ l ə n dʒ,36
characters,k æ ɹ ɪ k t ɝ z,36
classic,k l æ s ɪ k,36
coating,k oʊ t ɪ ŋ,36
columns,k ɑ l ə m z,36
conclusions,k ə n k l u ʒ ə n z,36
crew,k ɹ u,36
desirable,d ɪ z aɪ ɹ ə b ə l,36
dirty,d ɝ t i,36
doors,d ɔ ɹ z,36
dressed,d ɹ ɛ s t,36
equipped,ɪ k w ɪ p t,36
error,ɛ ɹ ɝ,36
extension,ɪ k s t ɛ n ʃ ə n,36
fellowship,f ɛ l oʊ ʃ ɪ p,36
filling,f ɪ l ɪ ŋ,36
football,f ʊ t b ɔ l,36
forty,f ɔ ɹ t i,36
guide,ɡ aɪ d,36
host,h oʊ s t,36
hurry,h ɝ i,36
industries,ɪ n d ə s t ɹ i z,36
intention,ɪ n t ɛ n tʃ ə n,36
jackson,dʒ æ k s ə n,36
jim,dʒ ɪ m,36
kinds,k aɪ n d z,36
license,l aɪ s ə n s,36
lying,l aɪ ɪ ŋ,36
managed,m æ n ə dʒ d,36
maris,m ɛ ɹ ɪ s,36
moves,m u v z,36
multiple,m ʌ l t ə p ə l,36
normally,n ɔ ɹ m ə l i,36
occupied,ɑ k j ə p aɪ d,36
outlook,aʊ t l ʊ k,36
paintings,p eɪ n t ɪ ŋ z,36
patients,p eɪ ʃ ə n t s,36
peoples,p i p ə l z,36
peter,p i t ɝ,36
printed,p ɹ ɪ n t ə d,36
ratio,ɹ eɪ ʃ i oʊ,36
satisfied,s æ t ə s f aɪ d,36
schedule,s k ɛ dʒ ʊ l,36
scholarship,s k ɑ l ɝ ʃ ɪ p,36
scientists,s aɪ ə n t ɪ s t s,36
sees,s i z,36
shadow,ʃ æ d oʊ,36
similarly,s ɪ m ə l ɝ l i,36
smiling,s m aɪ l ɪ ŋ,36
spanish,s p æ n ɪ ʃ,36
stored,s t ɔ ɹ d,36
substantially,s ə b s t æ n ʃ ə l i,36
supplied,s ə p l aɪ d,36
symbols,s ɪ m b ə l z,36
sympathy,s ɪ m p ə θ i,36
thank,θ æ ŋ k,36
tough,t ʌ f,36
variable,v ɛ ɹ i ə b ə l,36
visiting,v ɪ z ə t ɪ ŋ,36
visitors,v ɪ z ə t ɝ z,36
wise,w aɪ z,36
worship,w ɝ ʃ ə p,36
accurate,æ k j ɝ ə t,35
adjustment,ə dʒ ʌ s t m ə n t,35
affect,ə f ɛ k t,35
atlanta,æ t l æ n t ə,35
beer,b ɪ ɹ,35
bench,b ɛ n tʃ,35
bombs,b ɑ m z,35
calculated,k æ l k j ə l eɪ t ə d,35
calm,k ɑ m,35
claimed,k l eɪ m d,35
clark,k l ɑ ɹ k,35
consequences,k ɑ n s ə k w ɛ n s ə z,35
context,k ɑ n t ɛ k s t,35
counties,k aʊ n t i z,35
crime,k ɹ aɪ m,35
dignity,d ɪ ɡ n ə t i,35
disappeared,d ɪ s ə p ɪ ɹ d,35
eggs,ɛ ɡ z,35
fish,f ɪ ʃ,35
fruit,f ɹ u t,35
grade,ɡ ɹ eɪ d,35
harry,h ɛ ɹ i,35
height,h aɪ t,35
installed,ɪ n s t ɔ l d,35
instructions,ɪ n s t ɹ ʌ k ʃ ə n z,35
isolated,aɪ s ə l eɪ t ə d,35
jane,dʒ eɪ n,35
jumped,dʒ ʌ m p t,35
knee,n i,35
latest,l eɪ t ə s t,35
lumber,l ʌ m b ɝ,35
matsuo,m ɑ t s u oʊ,35
meanwhile,m i n w aɪ l,35
meets,m i t s,35
myth,m ɪ θ,35
nationalism,n æ ʃ ə n ə l ɪ z ə m,35
output,aʊ t p ʊ t,35
owners,oʊ n ɝ z,35
pat,p æ t,35
patent,p æ t ə n t,35
performed,p ɝ f ɔ ɹ m d,35
phenomenon,f ə n ɑ m ə n ɑ n,35
pont,p ɑ n t,35
prepare,p ɹ i p ɛ ɹ,35
presently,p ɹ ɛ z ə n t l i,35
preserve,p ɹ ə z ɝ v,35
probability,p ɹ ɑ b ə b ɪ l ə t i,35
producing,p ɹ ə d u s ɪ ŋ,35
retired,ɹ ɪ t aɪ ɹ d,35
returning,ɹ ɪ t ɝ n ɪ ŋ,35
revenue,ɹ ɛ v ə n u,35
routine,ɹ u t i n,35
row,ɹ oʊ,35
sad,s æ d,35
sciences,s aɪ ə n s ə z,35
sequence,s i k w ə n s,35
sounded,s aʊ n d ə d,35
stanley,s t æ n l i,35
stores,s t ɔ ɹ z,35
symbolic,s ɪ m b ɑ l ɪ k,35
sympathetic,s ɪ m p ə θ ɛ t ɪ k,35
tape,t eɪ p,35
tongue,t ʌ ŋ,35
urged,ɝ dʒ d,35
vehicle,v i h ɪ k ə l,35
virgin,v ɝ dʒ ɪ n,35
washed,w ɑ ʃ t,35
waste,w eɪ s t,35
wear,w ɛ ɹ,35
wednesday,w ɛ n z d i,35
worried,w ɝ i d,35
yard,j ɑ ɹ d,35
yield,j i l d,35
abstract,æ b s t ɹ æ k t,34
alternative,ɔ l t ɝ n ə t ɪ v,34
arrangement,ɝ eɪ n dʒ m ə n t,34
badly,b æ d l i,34
bent,b ɛ n t,34
bigger,b ɪ ɡ ɝ,34
blame,b l eɪ m,34
bus,b ʌ s,34
canada,k æ n ə d ə,34
candidate,k æ n d ə d eɪ t,34
clerk,k l ɝ k,34
corn,k ɔ ɹ n,34
crazy,k ɹ eɪ z i,34
currently,k ɝ ə n t l i,34
decades,d ɛ k eɪ d z,34
dispute,d ɪ s p j u t,34
divine,d ɪ v aɪ n,34
duties,d u t i z,34
dying,d aɪ ɪ ŋ,34
emotion,ɪ m oʊ ʃ ə n,34
exposed,ɪ k s p oʊ z d,34
facing,f eɪ s ɪ ŋ,34
fallen,f ɑ l ə n,34
financing,f ə n æ n s ɪ ŋ,34
findings,f aɪ n d ɪ ŋ z,34
folk,f oʊ k,34
frequent,f ɹ i k w ə n t,34
genuine,dʒ ɛ n j ə w ə n,34
golf,ɡ ɑ l f,34
harvard,h ɑ ɹ v ɝ d,34
hunting,h ʌ n t ɪ ŋ,34
italy,ɪ t ə l i,34
johnson,dʒ ɑ n s ə n,34
keys,k i z,34
lee,l i,34
lists,l ɪ s t s,34
logical,l ɑ dʒ ɪ k ə l,34
measurement,m ɛ ʒ ɝ m ə n t,34
mechanical,m ə k æ n ɪ k ə l,34
metropolitan,m ɛ t ɹ ə p ɑ l ə t ə n,34
mistake,m ɪ s t eɪ k,34
net,n ɛ t,34
ocean,oʊ ʃ ə n,34
openly,oʊ p ə n l i,34
owned,oʊ n d,34
pencil,p ɛ n s ə l,34
phrase,f ɹ eɪ z,34
presidential,p ɹ ɛ z ə d ɛ n tʃ ə l,34
protect,p ɹ ə t ɛ k t,34
quarter,k w ɔ ɹ t ɝ,34
raising,ɹ eɪ z ɪ ŋ,34
realistic,ɹ i ə l ɪ s t ɪ k,34
reasonably,ɹ i z ə n ə b l i,34
receiving,ɹ ə s i v ɪ ŋ,34
reporters,ɹ ɪ p ɔ ɹ t ɝ z,34
returns,ɹ ɪ t ɝ n z,34
roles,ɹ oʊ l z,34
roll,ɹ oʊ l,34
samuel,s æ m j u l,34
seldom,s ɛ l d ə m,34
sending,s ɛ n d ɪ ŋ,34
senior,s i n j ɝ,34
sentence,s ɛ n t ə n s,34
shortly,ʃ ɔ ɹ t l i,34
sing,s ɪ ŋ,34
smell,s m ɛ l,34
stretched,s t ɹ ɛ tʃ t,34
sugar,ʃ ʊ ɡ ɝ,34
suggestion,s ə ɡ dʒ ɛ s tʃ ə n,34
suitable,s u t ə b ə l,34
swept,s w ɛ p t,34
tears,t ɛ ɹ z,34
tells,t ɛ l z,34
tends,t ɛ n d z,34
thereby,ð ɛ ɹ b aɪ,34
tied,t aɪ d,34
tools,t u l z,34
vary,v ɛ ɹ i,34
visible,v ɪ z ə b ə l,34
worst,w ɝ s t,34
accident,æ k s ə d ə n t,33
adjusted,ə dʒ ʌ s t ə d,33
admission,æ d m ɪ ʃ ə n,33
advised,æ d v aɪ z d,33
affair,ə f ɛ ɹ,33
alert,ə l ɝ t,33
andy,æ n d i,33
artistic,ɑ ɹ t ɪ s t ɪ k,33
attempted,ə t ɛ m p t ə d,33
benefits,b ɛ n ə f ɪ t s,33
blow,b l oʊ,33
bone,b oʊ n,33
branch,b ɹ æ n tʃ,33
branches,b ɹ æ n tʃ ə z,33
bride,b ɹ aɪ d,33
burst,b ɝ s t,33
campus,k æ m p ə s,33
catholics,k æ θ l ɪ k s,33
charter,tʃ ɑ ɹ t ɝ,33
chlorine,k l ɔ ɹ i n,33
classical,k l æ s ɪ k ə l,33
connected,k ə n ɛ k t ə d,33
damage,d æ m ə dʒ,33
demonstrated,d ɛ m ə n s t ɹ eɪ t ə d,33
determining,d ɪ t ɝ m ə n ɪ ŋ,33
drill,d ɹ ɪ l,33
elected,ɪ l ɛ k t ə d,33
engineers,ɛ n dʒ ə n ɪ ɹ z,33
equation,ɪ k w eɪ ʒ ə n,33
examine,ɪ ɡ z æ m ɪ n,33
falling,f ɑ l ɪ ŋ,33
farmers,f ɑ ɹ m ɝ z,33
fate,f eɪ t,33
favorable,f eɪ v ɝ ə b ə l,33
fewer,f j u ɝ,33
filed,f aɪ l d,33
fly,f l aɪ,33
funeral,f j u n ɝ ə l,33
gift,ɡ ɪ f t,33
grave,ɡ ɹ eɪ v,33
guilt,ɡ ɪ l t,33
harmony,h ɑ ɹ m ə n i,33
healthy,h ɛ l θ i,33
inevitable,ɪ n ɛ v ə t ə b ə l,33
interview,ɪ n t ɝ v j u,33
involving,ɪ n v ɑ l v ɪ ŋ,33
jacket,dʒ æ k ə t,33
jess,dʒ ɛ s,33
leads,l i d z,33
lunch,l ʌ n tʃ,33
massive,m æ s ɪ v,33
matching,m æ tʃ ɪ ŋ,33
missing,m ɪ s ɪ ŋ,33
mountain,m aʊ n t ə n,33
namely,n eɪ m l i,33
naval,n eɪ v ə l,33
nights,n aɪ t s,33
owner,oʊ n ɝ,33
parked,p ɑ ɹ k t,33
pathology,p ə θ ɑ l ə dʒ i,33
performances,p ɝ f ɔ ɹ m ə n s ə z,33
poland,p oʊ l ə n d,33
precise,p ɹ ɪ s aɪ s,33
presentation,p ɹ ɛ z ə n t eɪ ʃ ə n,33
presents,p ɹ ɛ z ə n t s,33
prince,p ɹ ɪ n s,33
quantity,k w ɑ n t ə t i,33
rector,ɹ ɛ k t ɝ,33
rejected,ɹ ɪ dʒ ɛ k t ɪ d,33
rice,ɹ aɪ s,33
scheme,s k i m,33
slavery,s l eɪ v ɝ i,33
stems,s t ɛ m z,33
strictly,s t ɹ ɪ k t l i,33
substance,s ʌ b s t ə n s,33
succeeded,s ə k s i d ə d,33
suffer,s ʌ f ɝ,33
survive,s ɝ v aɪ v,33
swift,s w ɪ f t,33
symphony,s ɪ m f ə n i,33
thermal,θ ɝ m ə l,33
thursday,θ ɝ z d eɪ,33
tragic,t ɹ æ dʒ ɪ k,33
unfortunately,ə n f ɔ ɹ tʃ ə n ə t l i,33
violent,v aɪ ə l ə n t,33
wash,w ɑ ʃ,33
awareness,ə w ɛ ɹ n ə s,32
castro,k æ s t ɹ oʊ,32
chandler,tʃ æ n d l ɝ,32
circles,s ɝ k ə l z,32
coal,k oʊ l,32
collective,k ə l ɛ k t ɪ v,32
conception,k ə n s ɛ p ʃ ə n,32
concluded,k ə n k l u d ə d,32
confronted,k ə n f ɹ ʌ n t ə d,32
cooking,k ʊ k ɪ ŋ,32
courage,k ɝ ə dʒ,32
covering,k ʌ v ɝ ɪ ŋ,32
covers,k ʌ v ɝ z,32
crowded,k ɹ aʊ d ə d,32
curt,k ɝ t,32
damn,d æ m,32
debate,d ə b eɪ t,32
depending,d ɪ p ɛ n d ɪ ŋ,32
discussions,d ɪ s k ʌ ʃ ə n z,32
eastern,i s t ɝ n,32
eating,i t ɪ ŋ,32
effectiveness,ɪ f ɛ k t ɪ v n ə s,32
efficient,ɪ f ɪ ʃ ə n t,32
elaborate,ɪ l æ b ɹ ə t,32
electronics,ɪ l ɛ k t ɹ ɑ n ɪ k s,32
emission,ɪ m ɪ ʃ ə n,32
excitement,ɪ k s aɪ t m ə n t,32
factory,f æ k t ɝ i,32
falls,f ɔ l z,32
farther,f ɑ ɹ ð ɝ,32
fishing,f ɪ ʃ ɪ ŋ,32
gardens,ɡ ɑ ɹ d ə n z,32
gathered,ɡ æ ð ɝ d,32
gesture,dʒ ɛ s tʃ ɝ,32
gorton,ɡ ɔ ɹ t ə n,32
harold,h ɛ ɹ ə l d,32
household,h aʊ s h oʊ l d,32
howard,h aʊ ɝ d,32
inadequate,ɪ n æ d ə k w ə t,32
indians,ɪ n d i ə n z,32
initiative,ɪ n ɪ ʃ ə t ɪ v,32
kids,k ɪ d z,32
lacking,l æ k ɪ ŋ,32
loans,l oʊ n z,32
mills,m ɪ l z,32
missiles,m ɪ s ə l z,32
mud,m ʌ d,32
museum,m j u z i ə m,32
naked,n eɪ k ə d,32
partner,p ɑ ɹ t n ɝ,32
plastic,p l æ s t ɪ k,32
poets,p oʊ ə t s,32
promote,p ɹ ə m oʊ t,32
reflection,ɹ ə f l ɛ k ʃ ə n,32
remarked,ɹ ɪ m ɑ ɹ k t,32
remote,ɹ ɪ m oʊ t,32
romantic,ɹ oʊ m æ n t ɪ k,32
salvation,s æ l v eɪ ʃ ə n,32
scotty,s k ɑ t i,32
shouting,ʃ aʊ t ɪ ŋ,32
skywave,s k aɪ w eɪ v,32
slipped,s l ɪ p t,32
spots,s p ɑ t s,32
stuff,s t ʌ f,32
survival,s ɝ v aɪ v ə l,32
temporary,t ɛ m p ɝ ɛ ɹ i,32
testing,t ɛ s t ɪ ŋ,32
transition,t ɹ æ n z ɪ ʃ ə n,32
universities,j u n ə v ɝ s ə t i z,32
van,v æ n,32
variation,v ɛ ɹ i eɪ ʃ ə n,32
weak,w i k,32
wedding,w ɛ d ɪ ŋ,32
williams,w ɪ l j ə m z,32
accordingly,ə k ɔ ɹ d ɪ ŋ l i,31
allowing,ə l aʊ ɪ ŋ,31
articles,ɑ ɹ t ə k ə l z,31
barely,b ɛ ɹ l i,31
basement,b eɪ s m ə n t,31
beef,b i f,31
bird,b ɝ d,31
ceiling,s i l ɪ ŋ,31
checked,tʃ ɛ k t,31
christianity,k ɹ ɪ s tʃ i æ n ɪ t i,31
colored,k ʌ l ɝ d,31
competitive,k ə m p ɛ t ə t ɪ v,31
composer,k ə m p oʊ z ɝ,31
consequently,k ɑ n s ə k w ə n t l i,31
conservative,k ə n s ɝ v ə t ɪ v,31
considerations,k ə n s ɪ d ɝ eɪ ʃ ə n z,31
counter,k aʊ n t ɝ,31
dancer,d æ n s ɝ,31
dancers,d æ n s ɝ z,31
dave,d eɪ v,31
decline,d ɪ k l aɪ n,31
defeat,d ɪ f i t,31
density,d ɛ n s ə t i,31
ending,ɛ n d ɪ ŋ,31
enterprise,ɛ n t ɝ p ɹ aɪ z,31
evaluation,ɪ v æ l j u eɪ ʃ ə n,31
extend,ɪ k s t ɛ n d,31
extraordinary,ɪ k s t ɹ ɔ ɹ d ə n ɛ ɹ i,31
fallout,f ɔ l aʊ t,31
films,f ɪ l m z,31
finance,f ə n æ n s,31
fourteen,f ɔ ɹ t i n,31
frequencies,f ɹ i k w ə n s i z,31
gallery,ɡ æ l ɝ i,31
gently,dʒ ɛ n t l i,31
heading,h ɛ d ɪ ŋ,31
helps,h ɛ l p s,31
horn,h ɔ ɹ n,31
identical,aɪ d ɛ n t ɪ k ə l,31
invariably,ɪ n v ɛ ɹ i ə b l i,31
involve,ɪ n v ɑ l v,31
juniors,dʒ u n j ɝ z,31
kansas,k æ n z ə s,31
knocked,n ɑ k t,31
letting,l ɛ t ɪ ŋ,31
lightly,l aɪ t l i,31
locking,l ɑ k ɪ ŋ,31
maid,m eɪ d,31
mainly,m eɪ n l i,31
markets,m ɑ ɹ k ə t s,31
mature,m ə tʃ ʊ ɹ,31
movies,m u v i z,31
muscles,m ʌ s ə l z,31
outer,aʊ t ɝ,31
pacific,p ə s ɪ f ɪ k,31
pages,p eɪ dʒ ə z,31
panel,p æ n ə l,31
parking,p ɑ ɹ k ɪ ŋ,31
perfectly,p ɝ f ə k t l i,31
plastics,p l æ s t ɪ k s,31
poetic,p oʊ ɛ t ɪ k,31
protected,p ɹ ə t ɛ k t ə d,31
recording,ɹ ə k ɔ ɹ d ɪ ŋ,31
reducing,ɹ ə d u s ɪ ŋ,31
remark,ɹ ɪ m ɑ ɹ k,31
respectively,ɹ ɪ s p ɛ k t ɪ v l i,31
ruled,ɹ u l d,31
russians,ɹ ʌ ʃ ə n z,31
saline,s ə l i n,31
secondary,s ɛ k ə n d ɛ ɹ i,31
selling,s ɛ l ɪ ŋ,31
seventh,s ɛ v ə n θ,31
shock,ʃ ɑ k,31
softly,s ɔ f t l i,31
starts,s t ɑ ɹ t s,31
strain,s t ɹ eɪ n,31
structures,s t ɹ ʌ k tʃ ɝ z,31
studio,s t u d i oʊ,31
successfully,s ə k s ɛ s f ə l i,31
territory,t ɛ ɹ ɪ t ɔ ɹ i,31
tossed,t ɔ s t,31
trail,t ɹ eɪ l,31
troubled,t ɹ ʌ b ə l d,31
tube,t u b,31
winning,w ɪ n ɪ ŋ,31
absolute,æ b s ə l u t,30
alex,æ l ə k s,30
allies,æ l aɪ z,30
altogether,ɔ l t ə ɡ ɛ ð ɝ,30
asleep,ə s l i p,30
associations,ə s oʊ s i eɪ ʃ ə n z,30
blanket,b l æ ŋ k ə t,30
buying,b aɪ ɪ ŋ,30
carbon,k ɑ ɹ b ə n,30
citizen,s ɪ t ə z ə n,30
comments,k ɑ m ɛ n t s,30
complicated,k ɑ m p l ə k eɪ t ə d,30
concentrated,k ɑ n s ə n t ɹ eɪ t ə d,30
consciousness,k ɑ n ʃ ə s n ə s,30
consequence,k ɑ n s ə k w ə n s,30
controls,k ə n t ɹ oʊ l z,30
cried,k ɹ aɪ d,30
crucial,k ɹ u ʃ ə l,30
cuts,k ʌ t s,30
dartmouth,d ɑ ɹ t m ə θ,30
dates,d eɪ t s,30
dealers,d i l ɝ z,30
deliberately,d ɪ l ɪ b ɝ ə t l i,30
dimensions,d ɪ m ɛ n ʃ ə n z,30
directions,d ɝ ɛ k ʃ ə n z,30
doctors,d ɑ k t ɝ z,30
dreams,d ɹ i m z,30
eddie,ɛ d i,30
encountered,ɪ n k aʊ n t ɝ d,30
era,ɛ ɹ ə,30
et,ɛ t,30
excessive,ɪ k s ɛ s ɪ v,30
expert,ɛ k s p ɝ t,30
felix,f i l ɪ k s,30
fence,f ɛ n s,30
flux,f l ʌ k s,30
franklin,f ɹ æ ŋ k l ɪ n,30
frontier,f ɹ ə n t ɪ ɹ,30
gay,ɡ eɪ,30
graduate,ɡ ɹ æ dʒ ə w ə t,30
grinned,ɡ ɹ ɪ n d,30
historian,h ɪ s t ɔ ɹ i ə n,30
hoping,h oʊ p ɪ ŋ,30
impressed,ɪ m p ɹ ɛ s t,30
instances,ɪ n s t ə n s ə z,30
islands,aɪ l ə n d z,30
johnny,dʒ ɑ n i,30
lane,l eɪ n,30
listened,l ɪ s ə n d,30
locked,l ɑ k t,30
louisiana,l u i z i æ n ə,30
meal,m i l,30
measuring,m ɛ ʒ ɝ ɪ ŋ,30
medicine,m ɛ d ə s ə n,30
miriam,m ɪ ɹ i ə m,30
mixture,m ɪ k s tʃ ɝ,30
network,n ɛ t w ɝ k,30
nowhere,n oʊ w ɛ ɹ,30
occurrence,ə k ɝ ə n s,30
preceding,p ɹ i s i d ɪ ŋ,30
propaganda,p ɹ ɑ p ə ɡ æ n d ə,30
purely,p j ʊ ɹ l i,30
radical,ɹ æ d ə k ə l,30
ranging,ɹ eɪ n dʒ ɪ ŋ,30
reform,ɹ ə f ɔ ɹ m,30
replace,ɹ i p l eɪ s,30
representing,ɹ ɛ p ɹ ɪ z ɛ n t ɪ ŋ,30
reveal,ɹ ɪ v i l,30
root,ɹ u t,30
sacrifice,s æ k ɹ ə f aɪ s,30
secure,s ɪ k j ʊ ɹ,30
shakespeare,ʃ eɪ k s p i ɹ,30
sharpe,ʃ ɑ ɹ p,30
sheets,ʃ i t s,30
skilled,s k ɪ l d,30
slave,s l eɪ v,30
sovereign,s ɑ v ɹ ə n,30
split,s p l ɪ t,30
sponsored,s p ɑ n s ɝ d,30
stable,s t eɪ b ə l,30
stem,s t ɛ m,30
strip,s t ɹ ɪ p,30
surprising,s ɝ p ɹ aɪ z ɪ ŋ,30
suspect,s ə s p ɛ k t,30
suspended,s ə s p ɛ n d ə d,30
unconscious,ʌ n k ɑ n ʃ ə s,30
virtue,v ɝ tʃ u,30
voting,v oʊ t ɪ ŋ,30
widespread,w aɪ d s p ɹ ɛ d,30
woodruff,w ʊ d ɹ ə f,30
worker,w ɝ k ɝ,30
albert,æ l b ɝ t,29
allied,ə l aɪ d,29
ann,æ n,29
anxious,æ ŋ k ʃ ə s,29
apparatus,æ p ɝ æ t ə s,29
applying,ə p l aɪ ɪ ŋ,29
argue,ɑ ɹ ɡ j u,29
argued,ɑ ɹ ɡ j u d,29
bare,b ɛ ɹ,29
barn,b ɑ ɹ n,29
belt,b ɛ l t,29
brannon,b ɹ æ n ə n,29
bronchial,b ɹ ɑ n tʃ i ə l,29
brooklyn,b ɹ ʊ k l ə n,29
builder,b ɪ l d ɝ,29
carleton,k ɑ ɹ l t ə n,29
commonly,k ɑ m ə n l i,29
constitute,k ɑ n s t ə t u t,29
contributions,k ɑ n t ɹ ə b j u ʃ ə n z,29
cow,k aʊ,29
creating,k ɹ i eɪ t ɪ ŋ,29
delight,d ɪ l aɪ t,29
divorce,d ɪ v ɔ ɹ s,29
drying,d ɹ aɪ ɪ ŋ,29
ear,i ɹ,29
ecumenical,ɛ k j u m ɛ n ɪ k ə l,29
electron,ɪ l ɛ k t ɹ ɑ n,29
encouraged,ɛ n k ɝ ɪ dʒ d,29
entertainment,ɛ n t ɝ t eɪ n m ə n t,29
eternal,ɪ t ɝ n ə l,29
ethical,ɛ θ ə k ə l,29
examination,ɪ ɡ z æ m ə n eɪ ʃ ə n,29
exciting,ɪ k s aɪ t ɪ ŋ,29
extending,ɪ k s t ɛ n d ɪ ŋ,29
fabrics,f æ b ɹ ɪ k s,29
false,f ɔ l s,29
fees,f i z,29
furnish,f ɝ n ɪ ʃ,29
glasses,ɡ l æ s ə z,29
guilty,ɡ ɪ l t i,29
helpful,h ɛ l p f ə l,29
ignored,ɪ ɡ n ɔ ɹ d,29
jet,dʒ ɛ t,29
jurisdiction,dʒ ʊ ɹ ə s d ɪ k ʃ ə n,29
lesson,l ɛ s ə n,29
lieutenant,l u t ɛ n ə n t,29
lighted,l aɪ t ə d,29
magnitude,m æ ɡ n ə t u d,29
merit,m ɛ ɹ ə t,29
mickey,m ɪ k i,29
mighty,m aɪ t i,29
modest,m ɑ d ə s t,29
morality,m ɝ æ l ə t i,29
morse,m ɔ ɹ s,29
movie,m u v i,29
perception,p ɝ s ɛ p ʃ ə n,29
perform,p ɝ f ɔ ɹ m,29
petitioner,p ə t ɪ ʃ ə n ɝ,29
players,p l eɪ ɝ z,29
poured,p ɔ ɹ d,29
precious,p ɹ ɛ ʃ ə s,29
pressed,p ɹ ɛ s t,29
prestige,p ɹ ɛ s t i ʒ,29
proportion,p ɹ ə p ɔ ɹ ʃ ə n,29
proposals,p ɹ ə p oʊ z ə l z,29
questioned,k w ɛ s tʃ ə n d,29
recovery,ɹ ɪ k ʌ v ɹ i,29
regulations,ɹ ɛ ɡ j ə l eɪ ʃ ə n z,29
reminded,ɹ i m aɪ n d ə d,29
republicans,ɹ ɪ p ʌ b l ɪ k ə n z,29
residence,ɹ ɛ z ɪ d ə n s,29
samples,s æ m p ə l z,29
sang,s æ ŋ,29
scenes,s i n z,29
sewage,s u ə dʒ,29
shapes,ʃ eɪ p s,29
sherman,ʃ ɝ m ə n,29
shorts,ʃ ɔ ɹ t s,29
shots,ʃ ɑ t s,29
signals,s ɪ ɡ n ə l z,29
silver,s ɪ l v ɝ,29
solutions,s ə l u ʃ ə n z,29
sons,s ʌ n z,29
stars,s t ɑ ɹ z,29
subsequent,s ʌ b s ə k w ə n t,29
suburban,s ə b ɝ b ə n,29
suggests,s ə ɡ dʒ ɛ s t s,29
tasks,t æ s k s,29
tea,t i,29
testament,t ɛ s t ə m ə n t,29
theatre,θ i ə t ɝ,29
threatened,θ ɹ ɛ t ə n d,29
transferred,t ɹ æ n s f ɝ d,29
trips,t ɹ ɪ p s,29
unions,j u n j ə n z,29
utility,j u t ɪ l ə t i,29
vigorous,v ɪ ɡ ɝ ə s,29
volunteers,v ɑ l ə n t ɪ ɹ z,29
absent,æ b s ə n t,28
advantages,æ d v æ n t ɪ dʒ ɪ z,28
african,æ f ɹ ə k ə n,28
appointment,ə p ɔɪ n t m ə n t,28
arise,ɝ aɪ z,28
bullet,b ʊ l ə t,28
calendar,k æ l ə n d ɝ,28
clarity,k l ɛ ɹ ə t i,28
closing,k l oʊ z ɪ ŋ,28
cloud,k l aʊ d,28
colony,k ɑ l ə n i,28
commander,k ə m æ n d ɝ,28
committed,k ə m ɪ t ə d,28
communications,k ə m j u n ə k eɪ ʃ ə n z,28
compare,k ə m p ɛ ɹ,28
consistent,k ə n s ɪ s t ə n t,28
convention,k ə n v ɛ n ʃ ə n,28
cure,k j ʊ ɹ,28
dawn,d ɔ n,28
demonstrate,d ɛ m ə n s t ɹ eɪ t,28
designs,d ɪ z aɪ n z,28
dining,d aɪ n ɪ ŋ,28
diplomatic,d ɪ p l ə m æ t ɪ k,28
discuss,d ɪ s k ʌ s,28
dried,d ɹ aɪ d,28
drugs,d ɹ ʌ ɡ z,28
encounter,ɪ n k aʊ n t ɝ,28
enthusiasm,ɪ n θ u z i æ z ə m,28
examined,ɪ ɡ z æ m ə n d,28
exclusive,ɪ k s k l u s ɪ v,28
excuse,ɪ k s k j u s,28
expanding,ɪ k s p æ n d ɪ ŋ,28
fled,f l ɛ d,28
folklore,f oʊ k l ɔ ɹ,28
formerly,f ɔ ɹ m ɝ l i,28
freight,f ɹ eɪ t,28
gathering,ɡ æ ð ɝ ɪ ŋ,28
gentleman,dʒ ɛ n t ə l m ə n,28
hal,h æ l,28
hanging,h æ ŋ ɪ ŋ,28
happening,h æ p ə n ɪ ŋ,28
harris,h ɛ ɹ ɪ s,28
hated,h eɪ t ə d,28
humanity,h j u m æ n ɪ t i,28
innocence,ɪ n ə s ə n s,28
irish,aɪ ɹ ɪ ʃ,28
journey,dʒ ɝ n i,28
ladies,l eɪ d i z,28
laugh,l æ f,28
laughing,l æ f ɪ ŋ,28
libraries,l aɪ b ɹ ɛ ɹ i z,28
limitations,l ɪ m ɪ t eɪ ʃ ə n z,28
losing,l u z ɪ ŋ,28
maintaining,m eɪ n t eɪ n ɪ ŋ,28
marks,m ɑ ɹ k s,28
mechanism,m ɛ k ə n ɪ z ə m,28
meetings,m i t ɪ ŋ z,28
mines,m aɪ n z,28
municipal,m j u n ɪ s ə p ə l,28
newly,n u l i,28
offering,ɔ f ɝ ɪ ŋ,28
optimal,ɑ p t ə m ə l,28
passion,p æ ʃ ə n,28
paused,p ɔ z d,28
peculiar,p ə k j u l j ɝ,28
polynomial,p ɑ l ɪ n oʊ m i ə l,28
pot,p ɑ t,28
pound,p aʊ n d,28
powder,p aʊ d ɝ,28
prayer,p ɹ ɛ ɹ,28
prize,p ɹ aɪ z,28
profit,p ɹ ɑ f ə t,28
promptly,p ɹ ɑ m p t l i,28
quarters,k w ɔ ɹ t ɝ z,28
ramey,ɹ æ m i,28
rendered,ɹ ɛ n d ɝ d,28
responses,ɹ ɪ s p ɑ n s ɪ z,28
roosevelt,ɹ oʊ z ə v ɛ l t,28
sand,s æ n d,28
santa,s æ n t ə,28
satisfaction,s æ t ə s f æ k ʃ ə n,28
sensitivity,s ɛ n s ɪ t ɪ v ɪ t i,28
sergeant,s ɑ ɹ dʒ ə n t,28
shade,ʃ eɪ d,28
southeast,s aʊ θ i s t,28
sovereignty,s ɑ v ɹ ə n t i,28
specified,s p ɛ s ə f aɪ d,28
stained,s t eɪ n d,28
surfaces,s ɝ f ə s ə z,28
talents,t æ l ə n t s,28
textile,t ɛ k s t aɪ l,28
tight,t aɪ t,28
tons,t ʌ n z,28
upstairs,ə p s t ɛ ɹ z,28
verse,v ɝ s,28
warmth,w ɔ ɹ m θ,28
witness,w ɪ t n ə s,28
worthy,w ɝ ð i,28
wound,w aʊ n d,28
yankees,j æ ŋ k i z,28
absolutely,æ b s ə l u t l i,27
acquire,ə k w aɪ ɝ,27
aids,eɪ d z,27
approaching,ə p ɹ oʊ tʃ ɪ ŋ,27
builders,b ɪ l d ɝ z,27
butter,b ʌ t ɝ,27
cady,k eɪ d i,27
cap,k æ p,27
christmas,k ɹ ɪ s m ə s,27
clayton,k l eɪ t ə n,27
clinical,k l ɪ n ə k ə l,27
combat,k ɑ m b æ t,27
conceived,k ə n s i v d,27
concepts,k ɑ n s ɛ p t s,27
consisting,k ə n s ɪ s t ɪ ŋ,27
customer,k ʌ s t ə m ɝ,27
dan,d æ n,27
davis,d eɪ v ə s,27
define,d ɪ f aɪ n,27
delaware,d ɛ l ə w ɛ ɹ,27
delicate,d ɛ l ə k ə t,27
discipline,d ɪ s ə p l ə n,27
distributed,d ɪ s t ɹ ɪ b j ə t ə d,27
dull,d ʌ l,27
eager,i ɡ ɝ,27
enemies,ɛ n ə m i z,27
exact,ɪ ɡ z æ k t,27
festival,f ɛ s t ə v ə l,27
fiber,f aɪ b ɝ,27
flew,f l u,27
fred,f ɹ ɛ d,27
friendship,f ɹ ɛ n d ʃ ɪ p,27
frozen,f ɹ oʊ z ə n,27
gentle,dʒ ɛ n t ə l,27
germans,dʒ ɝ m ə n z,27
grain,ɡ ɹ eɪ n,27
greenwich,ɡ ɹ ɛ n ɪ tʃ,27
holder,h oʊ l d ɝ,27
horizon,h ɝ aɪ z ə n,27
hughes,h j u z,27
imagined,ɪ m æ dʒ ə n d,27
injury,ɪ n dʒ ɝ i,27
insist,ɪ n s ɪ s t,27
jefferson,dʒ ɛ f ɝ s ə n,27
judgments,dʒ ʌ dʒ m ə n t s,27
julia,dʒ u l j ə,27
literally,l ɪ t ɝ ə l i,27
magnificent,m æ ɡ n ɪ f ə s ə n t,27
marriages,m ɛ ɹ ɪ dʒ ɪ z,27
marshall,m ɑ ɹ ʃ ə l,27
minimal,m ɪ n ə m ə l,27
mirror,m ɪ ɹ ɝ,27
myra,m aɪ ɹ ə,27
newport,n u p ɔ ɹ t,27
observation,ɑ b z ɝ v eɪ ʃ ə n,27
occurs,ə k ɝ z,27
operated,ɑ p ɝ eɪ t ə d,27
oral,ɔ ɹ ə l,27
ours,aʊ ɝ z,27
outdoor,aʊ t d ɔ ɹ,27
passes,p æ s ə z,27
permission,p ɝ m ɪ ʃ ə n,27
permits,p ɝ m ɪ t s,27
pistol,p ɪ s t ə l,27
placing,p l eɪ s ɪ ŋ,27
prefer,p ɹ ə f ɝ,27
prevented,p ɹ ɪ v ɛ n t ɪ d,27
prevention,p ɹ i v ɛ n ʃ ə n,27
profound,p ɹ oʊ f aʊ n d,27
publicity,p ə b l ɪ s ə t i,27
publicly,p ʌ b l ɪ k l i,27
pulmonary,p ʊ l m ə n ɛ ɹ i,27
pursuant,p ɝ s u ə n t,27
ranch,ɹ æ n tʃ,27
refer,ɹ ə f ɝ,27
reorganization,ɹ i ɔ ɹ ɡ ə n ə z eɪ ʃ ə n,27
reputation,ɹ ɛ p j ə t eɪ ʃ ə n,27
requirement,ɹ ɪ k w aɪ ɹ m ə n t,27
reserved,ɹ ɪ z ɝ v d,27
restrictions,ɹ i s t ɹ ɪ k ʃ ə n z,27
roots,ɹ u t s,27
rushed,ɹ ʌ ʃ t,27
scattered,s k æ t ɝ d,27
scholars,s k ɑ l ɝ z,27
scope,s k oʊ p,27
seconds,s ɛ k ə n d z,27
shayne,ʃ eɪ n,27
shirt,ʃ ɝ t,27
shoot,ʃ u t,27
shopping,ʃ ɑ p ɪ ŋ,27
slept,s l ɛ p t,27
suite,s w i t,27
supporting,s ə p ɔ ɹ t ɪ ŋ,27
surplus,s ɝ p l ə s,27
surrounding,s ɝ aʊ n d ɪ ŋ,27
suspicion,s ə s p ɪ ʃ ə n,27
theological,θ i ə l ɑ dʒ ɪ k ə l,27
upward,ʌ p w ɝ d,27
utterly,ʌ t ɝ l i,27
veteran,v ɛ t ɝ ə n,27
victim,v ɪ k t ə m,27
voted,v oʊ t ə d,27
weekend,w i k ɛ n d,27
wherever,w ɛ ɹ ɛ v ɝ,27
wings,w ɪ ŋ z,27
acquired,ə k w aɪ ɝ d,26
aesthetic,ɛ s θ ɛ t ɪ k,26
appreciate,ə p ɹ i ʃ i eɪ t,26
arlene,ɑ ɹ l i n,26
assist,ə s ɪ s t,26
bath,b æ θ,26
beard,b ɪ ɹ d,26
bears,b ɛ ɹ z,26
billy,b ɪ l i,26
bridges,b ɹ ɪ dʒ ə z,26
card,k ɑ ɹ d,26
cavalry,k æ v ə l ɹ i,26
cellar,s ɛ l ɝ,26
cents,s ɛ n t s,26
charm,tʃ ɑ ɹ m,26
climate,k l aɪ m ə t,26
concerts,k ɑ n s ɝ t s,26
contest,k ɑ n t ɛ s t,26
controversy,k ɑ n t ɹ ə v ɝ s i,26
coolidge,k u l ɪ dʒ,26
critics,k ɹ ɪ t ɪ k s,26
delightful,d ɪ l aɪ t f ə l,26
desperate,d ɛ s p ɹ ɪ t,26
disaster,d ɪ z æ s t ɝ,26
disturbed,d ɪ s t ɝ b d,26
eileen,aɪ l i n,26
electricity,ɪ l ɛ k t ɹ ɪ s ə t i,26
eliminate,ɪ l ɪ m ə n eɪ t,26
emerged,ɪ m ɝ dʒ d,26
entry,ɛ n t ɹ i,26
establishing,ɪ s t æ b l ɪ ʃ ɪ ŋ,26
exceptions,ɪ k s ɛ p ʃ ə n z,26
feeding,f i d ɪ ŋ,26
frames,f ɹ eɪ m z,26
frightened,f ɹ aɪ t ə n d,26
gear,ɡ ɪ ɹ,26
greg,ɡ ɹ ɛ ɡ,26
gyro,dʒ aɪ ɹ oʊ,26
handled,h æ n d ə l d,26
hang,h æ ŋ,26
identify,aɪ d ɛ n t ə f aɪ,26
ill,ɪ l,26
inherent,ɪ n h ɪ ɹ ə n t,26
instruction,ɪ n s t ɹ ʌ k ʃ ə n,26
instruments,ɪ n s t ɹ ə m ə n t s,26
intelligent,ɪ n t ɛ l ə dʒ ə n t,26
invited,ɪ n v aɪ t ə d,26
jew,dʒ u,26
johnnie,dʒ ɑ n i,26
justify,dʒ ʌ s t ə f aɪ,26
kingdom,k ɪ ŋ d ə m,26
landing,l æ n d ɪ ŋ,26
legend,l ɛ dʒ ə n d,26
liberals,l ɪ b ɝ ə l z,26
lively,l aɪ v l i,26
marginal,m ɑ ɹ dʒ ə n ə l,26
marshal,m ɑ ɹ ʃ ə l,26
meals,m i l z,26
mitchell,m ɪ tʃ ə l,26
mount,m aʊ n t,26
mutual,m j u tʃ ə w ə l,26
mysterious,m ɪ s t ɪ ɹ i ə s,26
outcome,aʊ t k ʌ m,26
overcome,oʊ v ɝ k ʌ m,26
palfrey,p æ l f ɹ i,26
patchen,p æ tʃ ə n,26
paying,p eɪ ɪ ŋ,26
peaceful,p i s f ə l,26
perspective,p ɝ s p ɛ k t ɪ v,26
phenomena,f ə n ɑ m ə n ə,26
philosophical,f ɪ l ə s ɑ f ɪ k ə l,26
planes,p l eɪ n z,26
pointing,p ɔɪ n t ɪ ŋ,26
preferred,p ɹ ə f ɝ d,26
premier,p ɹ ɛ m ɪ ɹ,26
promotion,p ɹ ə m oʊ ʃ ə n,26
quoted,k w oʊ t ə d,26
recalled,ɹ ɪ k ɔ l d,26
register,ɹ ɛ dʒ ɪ s t ɝ,26
released,ɹ i l i s t,26
repeat,ɹ ɪ p i t,26
retirement,ɹ i t aɪ ɝ m ə n t,26
revenues,ɹ ɛ v ə n u z,26
sarah,s ɛ ɹ ə,26
sessions,s ɛ ʃ ə n z,26
settlement,s ɛ t ə l m ə n t,26
sixth,s ɪ k s θ,26
snakes,s n eɪ k s,26
sophisticated,s ə f ɪ s t ə k eɪ t ɪ d,26
southerners,s ʌ ð ɝ n ɝ z,26
staring,s t ɛ ɹ ɪ ŋ,26
stockholders,s t ɑ k h oʊ l d ɝ z,26
storm,s t ɔ ɹ m,26
stretch,s t ɹ ɛ tʃ,26
submarine,s ʌ b m ɝ i n,26
switches,s w ɪ tʃ ə z,26
tangent,t æ n dʒ ə n t,26
temperatures,t ɛ m p ɹ ə tʃ ɝ z,26
threatening,θ ɹ ɛ t ə n ɪ ŋ,26
traders,t ɹ eɪ d ɝ z,26
treat,t ɹ i t,26
trembling,t ɹ ɛ m b ə l ɪ ŋ,26
unhappy,ə n h æ p i,26
urethane,j ɝ ə θ eɪ n,26
variables,v ɛ ɹ i ə b ə l z,26
velocity,v ə l ɑ s ə t i,26
wars,w ɔ ɹ z,26
widow,w ɪ d oʊ,26
zen,z ɛ n,26
abandoned,ə b æ n d ə n d,25
aboard,ə b ɔ ɹ d,25
accused,ə k j u z d,25
adult,ə d ʌ l t,25
al,æ l,25
alec,æ l ɪ k,25
allowances,ə l aʊ ə n s ɪ z,25
amateur,æ m ə t ɝ,25
applications,æ p l ə k eɪ ʃ ə n z,25
approaches,ə p ɹ oʊ tʃ ə z,25
attached,ə t æ tʃ t,25
attacked,ə t æ k t,25
attracted,ə t ɹ æ k t ə d,25
barton,b ɑ ɹ t ə n,25
bearing,b ɛ ɹ ɪ ŋ,25
blanche,b l æ n tʃ,25
breaking,b ɹ eɪ k ɪ ŋ,25
cancer,k æ n s ɝ,25
carolina,k ɛ ɹ ə l aɪ n ə,25
chin,tʃ ɪ n,25
cigarette,s ɪ ɡ ɝ ɛ t,25
cocktail,k ɑ k t eɪ l,25
component,k ə m p oʊ n ə n t,25
composition,k ɑ m p ə z ɪ ʃ ə n,25
conductor,k ə n d ʌ k t ɝ,25
conferences,k ɑ n f ɝ ə n s ə z,25
constitutional,k ɑ n s t ə t u ʃ ə n ə l,25
contacts,k ɑ n t æ k t s,25
continually,k ə n t ɪ n j u ə l i,25
continuity,k ɑ n t ə n u ə t i,25
corporations,k ɔ ɹ p ɝ eɪ ʃ ə n z,25
correspondence,k ɔ ɹ ə s p ɑ n d ə n s,25
coverage,k ʌ v ɝ ə dʒ,25
critic,k ɹ ɪ t ɪ k,25
dealer,d i l ɝ,25
delayed,d ɪ l eɪ d,25
demonstration,d ɛ m ə n s t ɹ eɪ ʃ ə n,25
departments,d ɪ p ɑ ɹ t m ə n t s,25
destructive,d ɪ s t ɹ ʌ k t ɪ v,25
detergent,d ɪ t ɝ dʒ ə n t,25
devil,d ɛ v ə l,25
dilemma,d ɪ l ɛ m ə,25
disk,d ɪ s k,25
eugene,j u dʒ i n,25
evidently,ɛ v ə d ə n t l i,25
exhibit,ɪ ɡ z ɪ b ɪ t,25
exploration,ɛ k s p l ɝ eɪ ʃ ə n,25
exposure,ɪ k s p oʊ ʒ ɝ,25
faint,f eɪ n t,25
fist,f ɪ s t,25
flexible,f l ɛ k s ə b ə l,25
fog,f ɑ ɡ,25
fortune,f ɔ ɹ tʃ ə n,25
generous,dʒ ɛ n ɝ ə s,25
glanced,ɡ l æ n s t,25
grateful,ɡ ɹ eɪ t f ə l,25
harm,h ɑ ɹ m,25
hired,h aɪ ɝ d,25
honey,h ʌ n i,25
houston,h j u s t ə n,25
impressions,ɪ m p ɹ ɛ ʃ ə n z,25
inspired,ɪ n s p aɪ ɝ d,25
intervals,ɪ n t ɝ v ə l z,25
jersey,dʒ ɝ z i,25
lands,l æ n d z,25
lonely,l oʊ n l i,25
magazines,m æ ɡ ə z i n z,25
magnetic,m æ ɡ n ɛ t ɪ k,25
mothers,m ʌ ð ɝ z,25
nato,n eɪ t oʊ,25
nick,n ɪ k,25
nixon,n ɪ k s ə n,25
noon,n u n,25
northwest,n ɔ ɹ θ w ɛ s t,25
observe,ə b z ɝ v,25
operational,ɑ p ɝ eɪ ʃ ə n ə l,25
owen,oʊ ə n,25
pack,p æ k,25
painful,p eɪ n f ə l,25
parade,p ɝ eɪ d,25
partially,p ɑ ɹ ʃ ə l i,25
patrol,p ə t ɹ oʊ l,25
penny,p ɛ n i,25
pile,p aɪ l,25
pittsburgh,p ɪ t s b ɝ ɡ,25
pond,p ɑ n d,25
pressing,p ɹ ɛ s ɪ ŋ,25
probable,p ɹ ɑ b ə b ə l,25
proceeded,p ɹ ə s i d ə d,25
productive,p ɹ ə d ʌ k t ɪ v,25
prospect,p ɹ ɑ s p ɛ k t,25
pulling,p ʊ l ɪ ŋ,25
pupils,p j u p ə l z,25
racial,ɹ eɪ ʃ ə l,25
rational,ɹ æ ʃ ə n ə l,25
reaches,ɹ i tʃ ə z,25
recommend,ɹ ɛ k ə m ɛ n d,25
reflect,ɹ ə f l ɛ k t,25
regiment,ɹ ɛ dʒ ə m ə n t,25
responsibilities,ɹ i s p ɑ n s ə b ɪ l ə t i z,25
ritual,ɹ ɪ tʃ u ə l,25
roughly,ɹ ʌ f l i,25
saddle,s æ d ə l,25
shelters,ʃ ɛ l t ɝ z,25
stadium,s t eɪ d i ə m,25
star,s t ɑ ɹ,25
structural,s t ɹ ʌ k tʃ ɝ ə l,25
subtle,s ʌ t ə l,25
succession,s ə k s ɛ ʃ ə n,25
suits,s u t s,25
terror,t ɛ ɹ ɝ,25
tilghman,t ɪ l m ə n,25
tim,t ɪ m,25
torn,t ɔ ɹ n,25
trading,t ɹ eɪ d ɪ ŋ,25
transformed,t ɹ æ n s f ɔ ɹ m d,25
trustees,t ɹ ʌ s t i z,25
vague,v eɪ ɡ,25
vein,v eɪ n,25
viewed,v j u d,25
vivid,v ɪ v ə d,25
wally,w ɔ l i,25
ward,w ɔ ɹ d,25
wildly,w aɪ l d l i,25
woods,w ʊ d z,25
yeah,j æ,25
yours,j ʊ ɹ z,25
absorbed,ə b z ɔ ɹ b d,24
academy,ə k æ d ə m i,24
access,æ k s ɛ s,24
accomplish,ə k ɑ m p l ɪ ʃ,24
accurately,æ k j ɝ ə t l i,24
actor,æ k t ɝ,24
advisory,æ d v aɪ z ɝ i,24
aimed,eɪ m d,24
angels,eɪ n dʒ ə l z,24
announcement,ə n aʊ n s m ə n t,24
arrive,ɝ aɪ v,24
assembled,ə s ɛ m b ə l d,24
astronomy,ə s t ɹ ɑ n ə m i,24
automobiles,ɔ t ə m oʊ b i l z,24
backed,b æ k t,24
barrel,b æ ɹ ə l,24
bend,b ɛ n d,24
biggest,b ɪ ɡ ə s t,24
bore,b ɔ ɹ,24
brave,b ɹ eɪ v,24
broadway,b ɹ ɔ d w eɪ,24
categories,k æ t ə ɡ ɔ ɹ i z,24
chances,tʃ æ n s ə z,24
charming,tʃ ɑ ɹ m ɪ ŋ,24
cheap,tʃ i p,24
cited,s aɪ t ə d,24
civilian,s ə v ɪ l j ə n,24
clubs,k l ʌ b z,24
coach,k oʊ tʃ,24
consisted,k ə n s ɪ s t ə d,24
contracts,k ɑ n t ɹ æ k t s,24
criminal,k ɹ ɪ m ə n ə l,24
cycle,s aɪ k ə l,24
declaration,d ɛ k l ɝ eɪ ʃ ə n,24
democracy,d ɪ m ɑ k ɹ ə s i,24
depression,d ɪ p ɹ ɛ ʃ ə n,24
desires,d ɪ z aɪ ɝ z,24
diffusion,d ɪ f j u ʒ ə n,24
draft,d ɹ æ f t,24
drivers,d ɹ aɪ v ɝ z,24
drug,d ɹ ʌ ɡ,24
employee,ɛ m p l ɔɪ i,24
entering,ɛ n t ɝ ɪ ŋ,24
enthusiastic,ɪ n θ u z i æ s t ɪ k,24
estimates,ɛ s t ə m ə t s,24
exclusively,ɪ k s k l u s ɪ v l i,24
explicit,ɪ k s p l ɪ s ə t,24
expressing,ɪ k s p ɹ ɛ s ɪ ŋ,24
factories,f æ k t ɝ i z,24
firing,f aɪ ɹ ɪ ŋ,24
ford,f ɔ ɹ d,24
forgive,f ɝ ɡ ɪ v,24
functional,f ʌ ŋ k ʃ ə n ə l,24
heating,h i t ɪ ŋ,24
honored,ɑ n ɝ d,24
insure,ɪ n ʃ ʊ ɹ,24
interpreted,ɪ n t ɝ p ɹ ə t ə d,24
jump,dʒ ʌ m p,24
leather,l ɛ ð ɝ,24
lock,l ɑ k,24
managers,m æ n ə dʒ ɝ z,24
manufacturing,m æ n j ə f æ k tʃ ɝ ɪ ŋ,24
mason,m eɪ s ə n,24
masters,m æ s t ɝ z,24
mathematical,m æ θ ə m æ t ɪ k ə l,24
meaningful,m i n ɪ ŋ f ə l,24
mexican,m ɛ k s ə k ə n,24
moore,m ʊ ɹ,24
motel,m oʊ t ɛ l,24
narrative,n æ ɹ ə t ɪ v,24
nearest,n ɪ ɹ ə s t,24
neighboring,n eɪ b ɝ ɪ ŋ,24
nervous,n ɝ v ə s,24
norms,n ɔ ɹ m z,24
occupation,ɑ k j ə p eɪ ʃ ə n,24
peas,p i z,24
phases,f eɪ z ə z,24
portland,p ɔ ɹ t l ə n d,24
preliminary,p ɹ ɪ l ɪ m ə n ɛ ɹ i,24
promising,p ɹ ɑ m ə s ɪ ŋ,24
prospects,p ɹ ɑ s p ɛ k t s,24
puerto,p w ɛ ɹ t oʊ,24
qualified,k w ɑ l ə f aɪ d,24
rank,ɹ æ ŋ k,24
realism,ɹ i l ɪ z ə m,24
realization,ɹ i l ə z eɪ ʃ ə n,24
recommendation,ɹ ɛ k ə m ə n d eɪ ʃ ə n,24
relieved,ɹ ɪ l i v d,24
rigid,ɹ ɪ dʒ ə d,24
ruling,ɹ u l ɪ ŋ,24
scarcely,s k ɛ ɹ s l i,24
seated,s i t ə d,24
seized,s i z d,24
seventeen,s ɛ v ə n t i n,24
sitter,s ɪ t ɝ,24
slid,s l ɪ d,24
specimen,s p ɛ s ə m ə n,24
stupid,s t u p ə d,24
subjected,s ə b dʒ ɛ k t ɪ d,24
swing,s w ɪ ŋ,24
tail,t eɪ l,24
tended,t ɛ n d ə d,24
theresa,t ɝ i s ə,24
tractor,t ɹ æ k t ɝ,24
tribute,t ɹ ɪ b j u t,24
tubes,t u b z,24
undoubtedly,ə n d aʊ t ɪ d l i,24
utopia,j u t oʊ p i ə,24
weekly,w i k l i,24
wholly,h oʊ l i,24
wines,w aɪ n z,24
wishes,w ɪ ʃ ɪ z,24
workshop,w ɝ k ʃ ɑ p,24
zero,z ɪ ɹ oʊ,24
adults,ə d ʌ l t s,23
agriculture,æ ɡ ɹ ɪ k ʌ l tʃ ɝ,23
amendment,ə m ɛ n d m ə n t,23
anticipated,æ n t ɪ s ə p eɪ t ə d,23
arrival,ɝ aɪ v ə l,23
assessment,ə s ɛ s m ə n t,23
assumptions,ə s ʌ m p ʃ ə n z,23
attempting,ə t ɛ m p t ɪ ŋ,23
attending,ə t ɛ n d ɪ ŋ,23
authors,ɔ θ ɝ z,23
bases,b eɪ s ə z,23
beliefs,b ɪ l i f s,23
belly,b ɛ l i,23
boating,b oʊ t ɪ ŋ,23
bobby,b ɑ b i,23
bowl,b oʊ l,23
burns,b ɝ n z,23
cabin,k æ b ə n,23
casey,k eɪ s i,23
cat,k æ t,23
category,k æ t ə ɡ ɔ ɹ i,23
chairs,tʃ ɛ ɹ z,23
champion,tʃ æ m p i ə n,23
channels,tʃ æ n ə l z,23
circuit,s ɝ k ə t,23
civic,s ɪ v ɪ k,23
cleared,k l ɪ ɹ d,23
colleagues,k ɑ l i ɡ z,23
compete,k ə m p i t,23
continuously,k ə n t ɪ n j u ə s l i,23
controlling,k ə n t ɹ oʊ l ɪ ŋ,23
craft,k ɹ æ f t,23
crystal,k ɹ ɪ s t ə l,23
curiosity,k j ʊ ɹ i ɑ s ə t i,23
dances,d æ n s ə z,23
deck,d ɛ k,23
dedicated,d ɛ d ə k eɪ t ə d,23
degrees,d ɪ ɡ ɹ i z,23
discrimination,d ɪ s k ɹ ɪ m ə n eɪ ʃ ə n,23
displacement,d ɪ s p l eɪ s m ə n t,23
dive,d aɪ v,23
don,d ɑ n,23
douglas,d ʌ ɡ l ə s,23
eighth,eɪ t θ,23
empirical,ɛ m p ɪ ɹ ɪ k ə l,23
enable,ɛ n eɪ b ə l,23
encouraging,ɛ n k ɝ ɪ dʒ ɪ ŋ,23
excited,ɪ k s aɪ t ə d,23
exercises,ɛ k s ɝ s aɪ z ə z,23
expectations,ɛ k s p ɛ k t eɪ ʃ ə n z,23
farmer,f ɑ ɹ m ɝ,23
fibers,f aɪ b ɝ z,23
flower,f l aʊ ɝ,23
fogg,f ɑ ɡ,23
fraction,f ɹ æ k ʃ ə n,23
furnished,f ɝ n ɪ ʃ t,23
generations,dʒ ɛ n ɝ eɪ ʃ ə n z,23
genius,dʒ i n j ə s,23
giant,dʒ aɪ ə n t,23
gin,dʒ ɪ n,23
governmental,ɡ ʌ v ɝ m ɛ n t ə l,23
grades,ɡ ɹ eɪ d z,23
habit,h æ b ə t,23
happiness,h æ p i n ə s,23
harder,h ɑ ɹ d ɝ,23
hearts,h ɑ ɹ t s,23
heels,h i l z,23
heights,h aɪ t s,23
historic,h ɪ s t ɔ ɹ ɪ k,23
hollywood,h ɑ l i w ʊ d,23
hungry,h ʌ ŋ ɡ ɹ i,23
hurried,h ɝ i d,23
illustration,ɪ l ə s t ɹ eɪ ʃ ə n,23
imitation,ɪ m ə t eɪ ʃ ə n,23
incredible,ɪ n k ɹ ɛ d ə b ə l,23
insects,ɪ n s ɛ k t s,23
inventory,ɪ n v ə n t ɔ ɹ i,23
jean,dʒ i n,23
justified,dʒ ʌ s t ə f aɪ d,23
killing,k ɪ l ɪ ŋ,23
lawyers,l ɔ j ɝ z,23
lengths,l ɛ ŋ k θ s,23
lift,l ɪ f t,23
lighting,l aɪ t ɪ ŋ,23
luncheon,l ʌ n tʃ ə n,23
madison,m æ d ə s ə n,23
maggie,m æ ɡ i,23
manufacturer,m æ n j ə f æ k tʃ ɝ ɝ,23
maryland,m ɛ ɹ ə l ə n d,23
memorial,m ə m ɔ ɹ i ə l,23
midnight,m ɪ d n aɪ t,23
monthly,m ʌ n θ l i,23
musician,m j u z ɪ ʃ ə n,23
noble,n oʊ b ə l,23
orange,ɔ ɹ ə n dʒ,23
originally,ɝ ɪ dʒ ə n ə l i,23
oxidation,ɑ k s ə d eɪ ʃ ə n,23
pa,p ɑ,23
pete,p i t,23
pip,p ɪ p,23
plaster,p l æ s t ɝ,23
plates,p l eɪ t s,23
plug,p l ʌ ɡ,23
protest,p ɹ oʊ t ɛ s t,23
publications,p ʌ b l ɪ k eɪ ʃ ə n z,23
radar,ɹ eɪ d ɑ ɹ,23
reflects,ɹ ɪ f l ɛ k t s,23
refrigerator,ɹ ə f ɹ ɪ dʒ ɝ eɪ t ɝ,23
regime,ɹ ə ʒ i m,23
registered,ɹ ɛ dʒ ɪ s t ɝ d,23
registration,ɹ ɛ dʒ ɪ s t ɹ eɪ ʃ ə n,23
relevant,ɹ ɛ l ə v ə n t,23
resumed,ɹ ɪ z u m d,23
rifles,ɹ aɪ f ə l z,23
rocks,ɹ ɑ k s,23
ruth,ɹ u θ,23
savings,s eɪ v ɪ ŋ z,23
searching,s ɝ tʃ ɪ ŋ,23
select,s ə l ɛ k t,23
sentiment,s ɛ n t ə m ə n t,23
settle,s ɛ t ə l,23
sharing,ʃ ɛ ɹ ɪ ŋ,23
sheep,ʃ i p,23
sink,s ɪ ŋ k,23
spare,s p ɛ ɹ,23
spencer,s p ɛ n s ɝ,23
stern,s t ɝ n,23
strategic,s t ɹ ə t i dʒ ɪ k,23
stressed,s t ɹ ɛ s t,23
stuck,s t ʌ k,23
substances,s ʌ b s t ə n s ə z,23
substrate,s ʌ b s t ɹ eɪ t,23
suggestions,s ə ɡ dʒ ɛ s tʃ ə n z,23
sweat,s w ɛ t,23
tennessee,t ɛ n ə s i,23
thinks,θ ɪ ŋ k s,23
tie,t aɪ,23
trace,t ɹ eɪ s,23
ultimately,ʌ l t ə m ə t l i,23
unexpected,ʌ n ɪ k s p ɛ k t ɪ d,23
variations,v ɛ ɹ i eɪ ʃ ə n z,23
victor,v ɪ k t ɝ,23
wake,w eɪ k,23
westminster,w ɛ s t m ɪ n s t ɝ,23
whisky,w ɪ s k i,23
whispered,w ɪ s p ɝ d,23
worn,w ɔ ɹ n,23
wounded,w u n d ə d,23
adding,æ d ɪ ŋ,22
ah,ɑ,22
alaska,ə l æ s k ə,22
alienation,eɪ l i ə n eɪ ʃ ə n,22
altered,ɔ l t ɝ d,22
ambassador,æ m b æ s ə d ɝ,22
ambiguous,æ m b ɪ ɡ j u ə s,22
appreciation,ə p ɹ i ʃ i eɪ ʃ ə n,22
arbitrary,ɑ ɹ b ə t ɹ ɛ ɹ i,22
architect,ɑ ɹ k ə t ɛ k t,22
attacks,ə t æ k s,22
aunt,æ n t,22
auto,ɔ t oʊ,22
autumn,ɔ t ə m,22
backward,b æ k w ɝ d,22
balanced,b æ l ə n s t,22
baltimore,b ɔ l t ə m ɔ ɹ,22
belongs,b ɪ l ɔ ŋ z,22
bid,b ɪ d,22
blues,b l u z,22
bobbie,b ɑ b i,22
bombers,b ɑ m ɝ z,22
bother,b ɑ ð ɝ,22
capabilities,k eɪ p ə b ɪ l ə t i z,22
capitol,k æ p ɪ t ə l,22
carries,k æ ɹ i z,22
casual,k æ ʒ ə w ə l,22
chart,tʃ ɑ ɹ t,22
chiefly,tʃ i f l i,22
complained,k ə m p l eɪ n d,22
congressional,k ə n ɡ ɹ ɛ ʃ ə n ə l,22
conspiracy,k ə n s p ɪ ɹ ə s i,22
convenient,k ə n v i n j ə n t,22
dealt,d ɛ l t,22
deegan,d i ɡ ə n,22
describes,d ɪ s k ɹ aɪ b z,22
desperately,d ɛ s p ɝ ə t l i,22
destiny,d ɛ s t ə n i,22
di,d i,22
doubtful,d aʊ t f ə l,22
dressing,d ɹ ɛ s ɪ ŋ,22
drinks,d ɹ ɪ ŋ k s,22
earliest,ɝ l i ə s t,22
economical,ɛ k ə n ɑ m ɪ k ə l,22
eighteenth,eɪ t i n θ,22
elaine,ɪ l eɪ n,22
eliminated,ɪ l ɪ m ə n eɪ t ə d,22
empire,ɛ m p aɪ ɝ,22
engagement,ɛ n ɡ eɪ dʒ m ə n t,22
exhibition,ɛ k s ə b ɪ ʃ ə n,22
expects,ɪ k s p ɛ k t s,22
fault,f ɔ l t,22
foams,f oʊ m z,22
forests,f ɔ ɹ ə s t s,22
formulas,f ɔ ɹ m j ə l ə z,22
fortunate,f ɔ ɹ tʃ ə n ə t,22
freely,f ɹ i l i,22
frequency,f ɹ i k w ə n s i,22
gang,ɡ æ ŋ,22
grows,ɡ ɹ oʊ z,22
gulf,ɡ ʌ l f,22
herd,h ɝ d,22
hide,h aɪ d,22
hits,h ɪ t s,22
hypothalamic,h aɪ p oʊ θ ə l æ m ɪ k,22
implications,ɪ m p l ə k eɪ ʃ ə n z,22
insight,ɪ n s aɪ t,22
intentions,ɪ n t ɛ n tʃ ə n z,22
investigations,ɪ n v ɛ s t ə ɡ eɪ ʃ ə n z,22
joke,dʒ oʊ k,22
laughter,l æ f t ɝ,22
lo,l oʊ,22
loaded,l oʊ d ə d,22
loyalty,l ɔɪ ə l t i,22
meanings,m i n ɪ ŋ z,22
melting,m ɛ l t ɪ ŋ,22
merchants,m ɝ tʃ ə n t s,22
mess,m ɛ s,22
miami,m aɪ æ m i,22
miller,m ɪ l ɝ,22
moderate,m ɑ d ɝ ə t,22
motive,m oʊ t ɪ v,22
nerves,n ɝ v z,22
novels,n ɑ v ə l z,22
obligations,ɑ b l ə ɡ eɪ ʃ ə n z,22
occasions,ə k eɪ ʒ ə n z,22
overseas,oʊ v ɝ s i z,22
ownership,oʊ n ɝ ʃ ɪ p,22
palm,p ɑ m,22
panic,p æ n ɪ k,22
participate,p ɑ ɹ t ɪ s ə p eɪ t,22
patience,p eɪ ʃ ə n s,22
physics,f ɪ z ɪ k s,22
physiological,f ɪ z i ə l ɑ dʒ ɪ k ə l,22
pitch,p ɪ tʃ,22
planets,p l æ n ə t s,22
plate,p l eɪ t,22
possessed,p ə z ɛ s t,22
posts,p oʊ s t s,22
preparing,p ɹ i p ɛ ɹ ɪ ŋ,22
racing,ɹ eɪ s ɪ ŋ,22
ralph,ɹ æ l f,22
recommendations,ɹ ɛ k ə m ə n d eɪ ʃ ə n z,22
refund,ɹ ɪ f ʌ n d,22
regularly,ɹ ɛ ɡ j ə l ɝ l i,22
rehabilitation,ɹ i h ə b ɪ l ə t eɪ ʃ ə n,22
relatives,ɹ ɛ l ə t ɪ v z,22
reliable,ɹ ɪ l aɪ ə b ə l,22
resist,ɹ ɪ z ɪ s t,22
respects,ɹ ɪ s p ɛ k t s,22
retained,ɹ ɪ t eɪ n d,22
rhythm,ɹ ɪ ð ə m,22
sampling,s æ m p l ɪ ŋ,22
sandburg,s æ n d b ɝ ɡ,22
savage,s æ v ə dʒ,22
servants,s ɝ v ə n t s,22
shell,ʃ ɛ l,22
sighed,s aɪ d,22
sixties,s ɪ k s t i z,22
soap,s oʊ p,22
souls,s oʊ l z,22
spectacular,s p ɛ k t æ k j ə l ɝ,22
sphere,s f ɪ ɹ,22
sponsor,s p ɑ n s ɝ,22
statistics,s t ə t ɪ s t ɪ k s,22
steadily,s t ɛ d ə l i,22
sticks,s t ɪ k s,22
strategy,s t ɹ æ t ə dʒ i,22
substitute,s ʌ b s t ə t u t,22
successes,s ə k s ɛ s ə z,22
suited,s u t ə d,22
surrender,s ɝ ɛ n d ɝ,22
targets,t ɑ ɹ ɡ ə t s,22
teams,t i m z,22
thrust,θ ɹ ʌ s t,22
tip,t ɪ p,22
tire,t aɪ ɝ,22
totally,t oʊ t ə l i,22
traveled,t ɹ æ v ə l d,22
triumph,t ɹ aɪ ə m f,22
troubles,t ɹ ʌ b ə l z,22
trucks,t ɹ ʌ k s,22
uncertain,ə n s ɝ t ə n,22
uneasy,ə n i z i,22
unfortunate,ə n f ɔ ɹ tʃ ə n ə t,22
valid,v æ l ə d,22
vienna,v i ɛ n ə,22
voluntary,v ɑ l ə n t ɛ ɹ i,22
warned,w ɔ ɹ n d,22
wealth,w ɛ l θ,22
yelled,j ɛ l d,22
acceptable,æ k s ɛ p t ə b ə l,21
accepting,æ k s ɛ p t ɪ ŋ,21
addresses,æ d ɹ ɛ s ɪ z,21
anniversary,æ n ə v ɝ s ɝ i,21
aristotle,ɛ ɹ ə s t ɑ t ə l,21
associate,ə s oʊ s i ə t,21
availability,ə v eɪ l ə b ɪ l ə t i,21
beam,b i m,21
behalf,b ɪ h æ f,21
belgians,b ɛ l dʒ ə n z,21
ben,b ɛ n,21
bold,b oʊ l d,21
breathing,b ɹ i ð ɪ ŋ,21
bridget,b ɹ ɪ dʒ ə t,21
bullets,b ʊ l ə t s,21
certainty,s ɝ t ə n t i,21
characterized,k ɛ ɹ ə k t ɝ aɪ z d,21
cholesterol,k ə l ɛ s t ɝ ɔ l,21
circular,s ɝ k j ə l ɝ,21
classification,k l æ s ə f ə k eɪ ʃ ə n,21
colonial,k ə l oʊ n i ə l,21
colorful,k ʌ l ɝ f ə l,21
commodities,k ə m ɑ d ə t i z,21
competent,k ɑ m p ə t ɪ n t,21
complement,k ɑ m p l ə m ə n t,21
computed,k ə m p j u t ə d,21
congressman,k ɑ ŋ ɡ ɹ ə s m ə n,21
conversion,k ə n v ɝ ʒ ə n,21
cope,k oʊ p,21
crack,k ɹ æ k,21
crises,k ɹ aɪ s i z,21
cromwell,k ɹ ɑ m w ə l,21
crossing,k ɹ ɔ s ɪ ŋ,21
dare,d ɛ ɹ,21
dedication,d ɛ d ə k eɪ ʃ ə n,21
defend,d ɪ f ɛ n d,21
definitely,d ɛ f ə n ə t l i,21
delay,d ɪ l eɪ,21
desert,d ɛ z ɝ t,21
despair,d ɪ s p ɛ ɹ,21
detroit,d ɪ t ɹ ɔɪ t,21
diet,d aɪ ə t,21
dishes,d ɪ ʃ ə z,21
displayed,d ɪ s p l eɪ d,21
displays,d ɪ s p l eɪ z,21
drawings,d ɹ ɔ ɪ ŋ z,21
dynamic,d aɪ n æ m ɪ k,21
educated,ɛ dʒ ə k eɪ t ə d,21
enjoyment,ɛ n dʒ ɔɪ m ə n t,21
envelope,ɛ n v ə l oʊ p,21
fans,f æ n z,21
faulkner,f ɔ k n ɝ,21
flash,f l æ ʃ,21
fluid,f l u ə d,21
forming,f ɔ ɹ m ɪ ŋ,21
francis,f ɹ æ n s ə s,21
garage,ɡ ɝ ɑ ʒ,21
gentlemen,dʒ ɛ n t ə l m ɪ n,21
giants,dʒ aɪ ə n t s,21
glory,ɡ l ɔ ɹ i,21
governing,ɡ ʌ v ɝ n ɪ ŋ,21
habits,h æ b ə t s,21
helpless,h ɛ l p l ə s,21
hen,h ɛ n,21
heritage,h ɛ ɹ ə t ə dʒ,21
heroic,h ɪ ɹ oʊ ɪ k,21
hesitated,h ɛ z ɪ t eɪ t ɪ d,21
hoag,h oʊ ɡ,21
ideological,aɪ d i ə l ɑ dʒ ɪ k ə l,21
inclined,ɪ n k l aɪ n d,21
indirect,ɪ n d ɝ ɛ k t,21
inspection,ɪ n s p ɛ k ʃ ə n,21
intermediate,ɪ n t ɝ m i d i ɪ t,21
intimate,ɪ n t ə m ə t,21
jail,dʒ eɪ l,21
johnston,dʒ ɑ n s t ə n,21
joyce,dʒ ɔɪ s,21
kay,k eɪ,21
keeps,k i p s,21
keith,k i θ,21
killer,k ɪ l ɝ,21
launched,l ɔ n tʃ t,21
linear,l ɪ n i ɝ,21
loop,l u p,21
lowered,l oʊ ɝ d,21
lucky,l ʌ k i,21
luxury,l ʌ ɡ ʒ ɝ i,21
marble,m ɑ ɹ b ə l,21
mars,m ɑ ɹ z,21
masses,m æ s ə z,21
mate,m eɪ t,21
maude,m ɔ d,21
melody,m ɛ l ə d i,21
merger,m ɝ dʒ ɝ,21
michigan,m ɪ ʃ ɪ ɡ ə n,21
milligrams,m ɪ l ə ɡ ɹ æ m z,21
missouri,m ə z ʊ ɹ i,21
mode,m oʊ d,21
monument,m ɑ n j u m ə n t,21
morris,m ɔ ɹ ə s,21
neat,n i t,21
nuts,n ʌ t s,21
obliged,ə b l aɪ dʒ d,21
occurring,ə k ɝ ɪ ŋ,21
painter,p eɪ n t ɝ,21
particle,p ɑ ɹ t ə k ə l,21
partisan,p ɑ ɹ t ə z ə n,21
passengers,p æ s ə n dʒ ɝ z,21
pause,p ɔ z,21
persuaded,p ɝ s w eɪ d ə d,21
pertinent,p ɝ t ɪ n ɪ n t,21
philip,f ɪ l ə p,21
pitcher,p ɪ tʃ ɝ,21
planet,p l æ n ə t,21
planetary,p l æ n ə t ɛ ɹ i,21
port,p ɔ ɹ t,21
possession,p ə z ɛ ʃ ə n,21
prairie,p ɹ ɛ ɹ i,21
prisoners,p ɹ ɪ z ə n ɝ z,21
procurement,p ɹ oʊ k j ʊ ɹ m ə n t,21
profits,p ɹ ɑ f ɪ t s,21
prospective,p ɹ ə s p ɛ k t ɪ v,21
protein,p ɹ oʊ t i n,21
punishment,p ʌ n ɪ ʃ m ə n t,21
questioning,k w ɛ s tʃ ə n ɪ ŋ,21
races,ɹ eɪ s ə z,21
rang,ɹ æ ŋ,21
rent,ɹ ɛ n t,21
replacement,ɹ ɪ p l eɪ s m ə n t,21
resolved,ɹ i z ɑ l v d,21
respectable,ɹ ɪ s p ɛ k t ə b ə l,21
respond,ɹ ɪ s p ɑ n d,21
reveals,ɹ ɪ v i l z,21
reverend,ɹ ɛ v ɝ ə n d,21
revolutionary,ɹ ɛ v ə l u ʃ ə n ɛ ɹ i,21
rico,ɹ i k oʊ,21
russ,ɹ ʌ s,21
saving,s eɪ v ɪ ŋ,21
scared,s k ɛ ɹ d,21
screw,s k ɹ u,21
shaking,ʃ eɪ k ɪ ŋ,21
shame,ʃ eɪ m,21
shining,ʃ aɪ n ɪ ŋ,21
shu,ʃ u,21
sidewalk,s aɪ d w ɔ k,21
sixty,s ɪ k s t i,21
skirt,s k ɝ t,21
smart,s m ɑ ɹ t,21
socialist,s oʊ ʃ ə l ə s t,21
speeches,s p i tʃ ə z,21
springs,s p ɹ ɪ ŋ z,21
startled,s t ɑ ɹ t ə l d,21
steele,s t i l,21
stiff,s t ɪ f,21
stumbled,s t ʌ m b ə l d,21
submitted,s ə b m ɪ t ə d,21
summary,s ʌ m ɝ i,21
surrounded,s ɝ aʊ n d ə d,21
suspected,s ə s p ɛ k t ə d,21
tale,t eɪ l,21
tales,t eɪ l z,21
taxpayers,t æ k s p eɪ ɝ z,21
taylor,t eɪ l ɝ,21
telegraph,t ɛ l ə ɡ ɹ æ f,21
theirs,ð ɛ ɹ z,21
theoretical,θ i ɝ ɛ t ɪ k ə l,21
thorough,θ ɝ oʊ,21
traditions,t ɹ ə d ɪ ʃ ə n z,21
trends,t ɹ ɛ n d z,21
tsunami,t s u n ɑ m i,21
ugly,ʌ ɡ l i,21
unlikely,ə n l aɪ k l i,21
urge,ɝ dʒ,21
urgent,ɝ dʒ ə n t,21
utopian,j u t oʊ p i ə n,21
verbal,v ɝ b ə l,21
vermont,v ɝ m ɑ n t,21
vernon,v ɝ n ə n,21
wagner,w æ ɡ n ɝ,21
warwick,w ɔ ɹ w ɪ k,21
wheels,w i l z,21
winds,w ɪ n d z,21
witnesses,w ɪ t n ə s ə z,21
wives,w aɪ v z,21
wondering,w ʌ n d ɝ ɪ ŋ,21
abel,eɪ b ə l,20
accordance,ə k ɔ ɹ d ə n s,20
adjustments,ə dʒ ʌ s t m ə n t s,20
alabama,æ l ə b æ m ə,20
alike,ə l aɪ k,20
allen,æ l ə n,20
alliance,ə l aɪ ə n s,20
amazing,ə m eɪ z ɪ ŋ,20
anticipation,æ n t ɪ s ə p eɪ ʃ ə n,20
anyhow,ɛ n i h aʊ,20
arnold,ɑ ɹ n ə l d,20
aroused,ɝ aʊ z d,20
assessors,ə s ɛ s ɝ z,20
attain,ə t eɪ n,20
authentic,ə θ ɛ n t ɪ k,20
awake,ə w eɪ k,20
basically,b eɪ s ɪ k l i,20
bet,b ɛ t,20
binding,b aɪ n d ɪ ŋ,20
biological,b aɪ ə l ɑ dʒ ɪ k ə l,20
blonde,b l ɑ n d,20
bones,b oʊ n z,20
boots,b u t s,20
borden,b ɔ ɹ d ə n,20
border,b ɔ ɹ d ɝ,20
boss,b ɑ s,20
brushed,b ɹ ʌ ʃ t,20
buck,b ʌ k,20
bundle,b ʌ n d ə l,20
cafe,k ə f eɪ,20
cape,k eɪ p,20
cathy,k æ θ i,20
chapel,tʃ æ p ə l,20
cheek,tʃ i k,20
clock,k l ɑ k,20
clothing,k l oʊ ð ɪ ŋ,20
compromise,k ɑ m p ɹ ə m aɪ z,20
conditioned,k ə n d ɪ ʃ ə n d,20
confirmed,k ə n f ɝ m d,20
converted,k ə n v ɝ t ɪ d,20
convictions,k ə n v ɪ k ʃ ə n z,20
cooperative,k oʊ ɑ p ɝ eɪ t ɪ v,20
crash,k ɹ æ ʃ,20
crawled,k ɹ ɔ l d,20
cream,k ɹ i m,20
creatures,k ɹ i tʃ ɝ z,20
crop,k ɹ ɑ p,20
decent,d i s ə n t,20
disposal,d ɪ s p oʊ z ə l,20
distinctive,d ɪ s t ɪ ŋ k t ɪ v,20
doc,d ɑ k,20
dolores,d ə l ɔ ɹ ɪ s,20
dominated,d ɑ m ə n eɪ t ə d,20
donald,d ɑ n ə l d,20
el,ɛ l,20
emphasize,ɛ m f ə s aɪ z,20
endless,ɛ n d l ə s,20
enforced,ɛ n f ɔ ɹ s t,20
expanded,ɪ k s p æ n d ə d,20
explains,ɪ k s p l eɪ n z,20
fantastic,f æ n t æ s t ɪ k,20
fascinating,f æ s ə n eɪ t ɪ ŋ,20
figured,f ɪ ɡ j ɝ d,20
fitted,f ɪ t ə d,20
florida,f l ɔ ɹ ə d ə,20
foil,f ɔɪ l,20
fortunately,f ɔ ɹ tʃ ə n ə t l i,20
founded,f aʊ n d ə d,20
fractions,f ɹ æ k ʃ ə n z,20
freddy,f ɹ ɛ d i,20
gather,ɡ æ ð ɝ,20
grabbed,ɡ ɹ æ b d,20
grains,ɡ ɹ eɪ n z,20
grants,ɡ ɹ æ n t s,20
greeted,ɡ ɹ i t ə d,20
grip,ɡ ɹ ɪ p,20
guided,ɡ aɪ d ə d,20
guys,ɡ aɪ z,20
happily,h æ p ə l i,20
hatred,h eɪ t ɹ ə d,20
hidden,h ɪ d ə n,20
historians,h ɪ s t ɔ ɹ i ə n z,20
hospitals,h ɑ s p ɪ t ə l z,20
hotels,h oʊ t ɛ l z,20
illness,ɪ l n ə s,20
improvements,ɪ m p ɹ u v m ə n t s,20
impulse,ɪ m p ə l s,20
indication,ɪ n d ə k eɪ ʃ ə n,20
injured,ɪ n dʒ ɝ d,20
input,ɪ n p ʊ t,20
intervention,ɪ n t ɝ v ɛ n tʃ ə n,20
invention,ɪ n v ɛ n ʃ ə n,20
invitation,ɪ n v ɪ t eɪ ʃ ə n,20
judges,dʒ ʌ dʒ ɪ z,20
jungle,dʒ ʌ ŋ ɡ ə l,20
landscape,l æ n d s k eɪ p,20
laura,l ɔ ɹ ə,20
lean,l i n,20
leaped,l ɛ p t,20
legislators,l ɛ dʒ ə s l eɪ t ɝ z,20
listeners,l ɪ s ə n ɝ z,20
lobby,l ɑ b i,20
loud,l aʊ d,20
lungs,l ʌ ŋ z,20
manage,m æ n ə dʒ,20
manhattan,m æ n h æ t ə n,20
mathematics,m æ θ ə m æ t ɪ k s,20
merchant,m ɝ tʃ ə n t,20
mercy,m ɝ s i,20
michelangelo,m aɪ k ə l æ n dʒ ə l oʊ,20
minority,m aɪ n ɔ ɹ ə t i,20
motives,m oʊ t ɪ v z,20
mustard,m ʌ s t ɝ d,20
negotiations,n ə ɡ oʊ ʃ i eɪ ʃ ə n z,20
nest,n ɛ s t,20
newer,n u ɝ,20
ninth,n aɪ n θ,20
notable,n oʊ t ə b ə l,20
notte,n ɑ t,20
nude,n u d,20
observers,ə b z ɝ v ɝ z,20
oedipus,ɛ d ɪ p ə s,20
okay,oʊ k eɪ,20
orderly,ɔ ɹ d ɝ l i,20
overwhelming,oʊ v ɝ w ɛ l m ɪ ŋ,20
package,p æ k ə dʒ,20
parks,p ɑ ɹ k s,20
passages,p æ s ə dʒ ə z,20
peered,p ɪ ɹ d,20
physically,f ɪ z ɪ k ə l i,20
pioneer,p aɪ ə n ɪ ɹ,20
pipe,p aɪ p,20
plato,p l eɪ t oʊ,20
poverty,p ɑ v ɝ t i,20
probabilities,p ɹ ɑ b ə b ɪ l ə t i z,20
promises,p ɹ ɑ m ə s ə z,20
pupil,p j u p ə l,20
purchased,p ɝ tʃ ə s t,20
pursue,p ɝ s u,20
puts,p ʊ t s,20
quarrel,k w ɔ ɹ ə l,20
ranks,ɹ æ ŋ k s,20
reactionary,ɹ i æ k ʃ ə n ɛ ɹ i,20
receives,ɹ ə s i v z,20
relating,ɹ ɪ l eɪ t ɪ ŋ,20
renaissance,ɹ ɛ n ə s ɑ n s,20
repair,ɹ ɪ p ɛ ɹ,20
reporter,ɹ ɪ p ɔ ɹ t ɝ,20
residents,ɹ ɛ z ɪ d ə n t s,20
responded,ɹ ɪ s p ɑ n d ɪ d,20
retail,ɹ i t eɪ l,20
rises,ɹ aɪ z ə z,20
rush,ɹ ʌ ʃ,20
sailing,s eɪ l ɪ ŋ,20
sauce,s ɔ s,20
secrets,s i k ɹ ə t s,20
shadows,ʃ æ d oʊ z,20
sheriff,ʃ ɛ ɹ ə f,20
sixteen,s ɪ k s t i n,20
slide,s l aɪ d,20
slim,s l ɪ m,20
socialism,s oʊ ʃ ə l ɪ z ə m,20
solely,s oʊ l l i,20
solve,s ɑ l v,20
splendid,s p l ɛ n d ə d,20
stake,s t eɪ k,20
strikes,s t ɹ aɪ k s,20
strongest,s t ɹ ɔ ŋ ɡ ə s t,20
struggling,s t ɹ ʌ ɡ ə l ɪ ŋ,20
styles,s t aɪ l z,20
submarines,s ʌ b m ɝ i n z,20
suitcase,s u t k eɪ s,20
supplement,s ʌ p l ə m ə n t,20
tactics,t æ k t ɪ k s,20
temporarily,t ɛ m p ɝ ɛ ɹ ə l i,20
tent,t ɛ n t,20
theories,θ ɪ ɹ i z,20
thereafter,ð ɛ ɹ æ f t ɝ,20
tones,t oʊ n z,20
tooth,t u θ,20
tournament,t ʊ ɹ n ə m ə n t,20
transformation,t ɹ æ n s f ɝ m eɪ ʃ ə n,20
trap,t ɹ æ p,20
treaty,t ɹ i t i,20
trim,t ɹ ɪ m,20
twentieth,t w ɛ n t i ə θ,20
underlying,ʌ n d ɝ l aɪ ɪ ŋ,20
vacuum,v æ k j u m,20
voters,v oʊ t ɝ z,20
votes,v oʊ t s,20
warrant,w ɔ ɹ ə n t,20
wit,w ɪ t,20
worries,w ɝ i z,20
achievements,ə tʃ i v m ə n t s,19
addressed,ə d ɹ ɛ s t,19
affects,ə f ɛ k t s,19
airport,ɛ ɹ p ɔ ɹ t,19
allows,ə l aʊ z,19
ambition,æ m b ɪ ʃ ə n,19
amen,eɪ m ɛ n,19
appeals,ə p i l z,19
applies,ə p l aɪ z,19
arrest,ɝ ɛ s t,19
arrested,ɝ ɛ s t ə d,19
assert,ə s ɝ t,19
assurance,ə ʃ ʊ ɹ ə n s,19
attract,ə t ɹ æ k t,19
avoided,ə v ɔɪ d ə d,19
blowing,b l oʊ ɪ ŋ,19
brass,b ɹ æ s,19
broader,b ɹ ɔ d ɝ,19
businesses,b ɪ z n ə s ə z,19
canvas,k æ n v ə s,19
caution,k ɑ ʃ ə n,19
combinations,k ɑ m b ə n eɪ ʃ ə n z,19
commissioner,k ə m ɪ ʃ ə n ɝ,19
companion,k ə m p æ n j ə n,19
comprehensive,k ɑ m p ɹ i h ɛ n s ɪ v,19
condemned,k ə n d ɛ m d,19
consistently,k ə n s ɪ s t ə n t l i,19
continental,k ɑ n t ə n ɛ n t ə l,19
convenience,k ə n v i n j ə n s,19
corporate,k ɔ ɹ p ɝ ə t,19
cottage,k ɑ t ə dʒ,19
crown,k ɹ aʊ n,19
cuban,k j u b ə n,19
curves,k ɝ v z,19
dairy,d ɛ ɹ i,19
damned,d æ m d,19
dated,d eɪ t ɪ d,19
daytime,d eɪ t aɪ m,19
deadly,d ɛ d l i,19
decisive,d ɪ s aɪ s ɪ v,19
delivery,d ɪ l ɪ v ɝ i,19
demanding,d ɪ m æ n d ɪ ŋ,19
depths,d ɛ p θ s,19
devotion,d ɪ v oʊ ʃ ə n,19
dim,d ɪ m,19
directors,d ɝ ɛ k t ɝ z,19
discharge,d ɪ s tʃ ɑ ɹ dʒ,19
diseases,d ɪ z i z ə z,19
distances,d ɪ s t ə n s ə z,19
distinguish,d ɪ s t ɪ ŋ ɡ w ɪ ʃ,19
documents,d ɑ k j ə m ə n t s,19
drank,d ɹ æ ŋ k,19
dreamed,d ɹ i m d,19
earnings,ɝ n ɪ ŋ z,19
elementary,ɛ l ə m ɛ n t ɹ i,19
emperor,ɛ m p ɝ ɝ,19
enforcement,ɛ n f ɔ ɹ s m ə n t,19
entries,ɛ n t ɹ i z,19
essay,ɛ s eɪ,19
ethics,ɛ θ ɪ k s,19
eve,i v,19
exceed,ɪ k s i d,19
exceptional,ɪ k s ɛ p ʃ ə n ə l,19
fatal,f eɪ t ə l,19
fathers,f ɑ ð ɝ z,19
fats,f æ t s,19
fever,f i v ɝ,19
filing,f aɪ l ɪ ŋ,19
flood,f l ʌ d,19
frederick,f ɹ ɛ d ɹ ɪ k,19
fury,f j ʊ ɹ i,19
gains,ɡ eɪ n z,19
glued,ɡ l u d,19
guards,ɡ ɑ ɹ d z,19
guitar,ɡ ɪ t ɑ ɹ,19
ham,h æ m,19
haney,h eɪ n i,19
hay,h eɪ,19
hostile,h ɑ s t ə l,19
ignore,ɪ ɡ n ɔ ɹ,19
immortality,ɪ m ɔ ɹ t æ l ɪ t i,19
imposed,ɪ m p oʊ z d,19
individually,ɪ n d ɪ v ɪ dʒ u ə l i,19
infinite,ɪ n f ə n ə t,19
insistence,ɪ n s ɪ s t ə n s,19
instantly,ɪ n s t ə n t l i,19
interviews,ɪ n t ɝ v j u z,19
label,l eɪ b ə l,19
lacked,l æ k t,19
ladder,l æ d ɝ,19
lap,l æ p,19
lesser,l ɛ s ɝ,19
lid,l ɪ d,19
likes,l aɪ k s,19
livestock,l aɪ v s t ɑ k,19
lodge,l ɑ dʒ,19
lover,l ʌ v ɝ,19
loves,l ʌ v z,19
ma,m ɑ,19
makers,m eɪ k ɝ z,19
males,m eɪ l z,19
mechanics,m ə k æ n ɪ k s,19
mexico,m ɛ k s ə k oʊ,19
midst,m ɪ d s t,19
movable,m u v ə b ə l,19
murderer,m ɝ d ɝ ɝ,19
naive,n aɪ i v,19
neatly,n i t l i,19
nonspecific,n ɑ n s p ə s ɪ f ɪ k,19
numerical,n u m ɛ ɹ ə k ə l,19
optical,ɑ p t ɪ k ə l,19
orthodox,ɔ ɹ θ ə d ɑ k s,19
packed,p æ k t,19
pamela,p æ m ə l ə,19
patents,p æ t ə n t s,19
paula,p ɔ l ə,19
plantation,p l æ n t eɪ ʃ ə n,19
policeman,p ə l i s m ə n,19
polish,p ɑ l ɪ ʃ,19
politicians,p ɑ l ə t ɪ ʃ ə n z,19
preserved,p ɹ ə z ɝ v d,19
produces,p ɹ ə d u s ə z,19
puzzled,p ʌ z ə l d,19
ray,ɹ eɪ,19
reactivity,ɹ i æ k t ɪ v ə t i,19
realm,ɹ ɛ l m,19
realtors,ɹ i ə l t ɝ z,19
relax,ɹ ɪ l æ k s,19
remainder,ɹ ɪ m eɪ n d ɝ,19
respective,ɹ ɪ s p ɛ k t ɪ v,19
resting,ɹ ɛ s t ɪ ŋ,19
rid,ɹ ɪ d,19
ridiculous,ɹ ɪ d ɪ k j ə l ə s,19
rob,ɹ ɑ b,19
rolling,ɹ oʊ l ɪ ŋ,19
rourke,ɹ ɔ ɹ k,19
rousseau,ɹ u s oʊ,19
rugged,ɹ ʌ ɡ ə d,19
salem,s eɪ l ə m,19
salesmen,s eɪ l z m ɪ n,19
sera,s ɪ ɹ ə,19
servant,s ɝ v ə n t,19
shipping,ʃ ɪ p ɪ ŋ,19
shocked,ʃ ɑ k t,19
shorter,ʃ ɔ ɹ t ɝ,19
situated,s ɪ tʃ u eɪ t ɪ d,19
sketches,s k ɛ tʃ ə z,19
slender,s l ɛ n d ɝ,19
slip,s l ɪ p,19
slope,s l oʊ p,19
smelled,s m ɛ l d,19
snapped,s n æ p t,19
sober,s oʊ b ɝ,19
solved,s ɑ l v d,19
span,s p æ n,19
specialists,s p ɛ ʃ ə l ə s t s,19
spell,s p ɛ l,19
startling,s t ɑ ɹ t l ɪ ŋ,19
straightened,s t ɹ eɪ t ə n d,19
stresses,s t ɹ ɛ s ə z,19
string,s t ɹ ɪ ŋ,19
stroke,s t ɹ oʊ k,19
supervision,s u p ɝ v ɪ ʒ ə n,19
tangible,t æ n dʒ ə b ə l,19
tensions,t ɛ n tʃ ə n z,19
theology,θ i ɑ l ə dʒ i,19
therapist,θ ɛ ɹ ə p ə s t,19
timber,t ɪ m b ɝ,19
toast,t oʊ s t,19
tobacco,t ə b æ k oʊ,19
toes,t oʊ z,19
traveling,t ɹ æ v ə l ɪ ŋ,19
twisted,t w ɪ s t ə d,19
underground,ʌ n d ɝ ɡ ɹ aʊ n d,19
vector,v ɛ k t ɝ,19
venture,v ɛ n tʃ ɝ,19
vertex,v ɝ t ɛ k s,19
victims,v ɪ k t ə m z,19
vincent,v ɪ n s ə n t,19
whereby,w ɛ ɹ b aɪ,19
whip,w ɪ p,19
wildlife,w aɪ l d l aɪ f,19
wiped,w aɪ p t,19
wisconsin,w ɪ s k ɑ n s ə n,19
abrupt,ə b ɹ ʌ p t,18
abruptly,ə b ɹ ʌ p t l i,18
abuse,ə b j u s,18
acted,æ k t ə d,18
adolescence,æ d ə l ɛ s ə n s,18
advances,ə d v æ n s ə z,18
affection,ə f ɛ k ʃ ə n,18
aged,eɪ dʒ d,18
aluminum,ə l u m ə n ə m,18
ammunition,æ m j ə n ɪ ʃ ə n,18
andrei,æ n d ɹ eɪ,18
angel,eɪ n dʒ ə l,18
announce,ə n aʊ n s,18
applicable,æ p l ə k ə b ə l,18
arkansas,ɑ ɹ k ə n s ɑ,18
arose,ɝ oʊ z,18
asks,æ s k s,18
assign,ə s aɪ n,18
assignments,ə s aɪ n m ə n t s,18
athletic,æ θ l ɛ t ɪ k,18
attributed,ə t ɹ ɪ b j ə t ə d,18
austin,ɔ s t ə n,18
autonomy,ɔ t ɑ n ə m i,18
barco,b ɑ ɹ k oʊ,18
bargaining,b ɑ ɹ ɡ ɪ n ɪ ŋ,18
bat,b æ t,18
bathroom,b æ θ ɹ u m,18
battery,b æ t ɝ i,18
bell,b ɛ l,18
beloved,b ɪ l ʌ v d,18
biblical,b ɪ b l ə k ə l,18
birthday,b ɝ θ d eɪ,18
bishop,b ɪ ʃ ə p,18
bitterness,b ɪ t ɝ n ə s,18
brains,b ɹ eɪ n z,18
brick,b ɹ ɪ k,18
brightness,b ɹ aɪ t n ə s,18
bulletin,b ʊ l ɪ t ə n,18
bunk,b ʌ ŋ k,18
buried,b ɛ ɹ i d,18
camping,k æ m p ɪ ŋ,18
camps,k æ m p s,18
candle,k æ n d ə l,18
cats,k æ t s,18
causing,k ɑ z ɪ ŋ,18
ceremony,s ɛ ɹ ə m oʊ n i,18
chase,tʃ eɪ s,18
chorus,k ɔ ɹ ə s,18
classroom,k l æ s ɹ u m,18
cobb,k ɑ b,18
colt,k oʊ l t,18
columbia,k ə l ʌ m b i ə,18
commented,k ɑ m ɛ n t ə d,18
committees,k ə m ɪ t i z,18
compelled,k ə m p ɛ l d,18
competence,k ɑ m p ə t ɪ n s,18
congregations,k ɑ ŋ ɡ ɹ ə ɡ eɪ ʃ ə n z,18
consistency,k ə n s ɪ s t ə n s i,18
consumption,k ə n s ʌ m p ʃ ə n,18
continuation,k ə n t ɪ n j u eɪ ʃ ə n,18
copies,k ɑ p i z,18
corners,k ɔ ɹ n ɝ z,18
cosmic,k ɑ z m ɪ k,18
costumes,k ɑ s t u m z,18
crops,k ɹ ɑ p s,18
customs,k ʌ s t ə m z,18
cylinder,s ɪ l ə n d ɝ,18
defended,d ɪ f ɛ n d ə d,18
deliver,d ɪ l ɪ v ɝ,18
denial,d ɪ n aɪ ə l,18
designer,d ɪ z aɪ n ɝ,18
dick,d ɪ k,18
differ,d ɪ f ɝ,18
disposed,d ɪ s p oʊ z d,18
drain,d ɹ eɪ n,18
drift,d ɹ ɪ f t,18
drops,d ɹ ɑ p s,18
earned,ɝ n d,18
earnest,ɝ n ɪ s t,18
editors,ɛ d ɪ t ɝ z,18
effluent,ɛ f l u ə n t,18
emerge,ɪ m ɝ dʒ,18
emphasized,ɛ m f ə s aɪ z d,18
epic,ɛ p ɪ k,18
erected,ɪ ɹ ɛ k t ə d,18
ernie,ɝ n i,18
escaped,ɪ s k eɪ p t,18
exercised,ɛ k s ɝ s aɪ z d,18
expecting,ɪ k s p ɛ k t ɪ ŋ,18
faded,f eɪ d ə d,18
fame,f eɪ m,18
fan,f æ n,18
faster,f æ s t ɝ,18
favored,f eɪ v ɝ d,18
fellows,f ɛ l oʊ z,18
folks,f oʊ k s,18
forgot,f ɝ ɡ ɑ t,18
formally,f ɔ ɹ m ə l i,18
fountain,f aʊ n t ə n,18
grams,ɡ ɹ æ m z,18
griffith,ɡ ɹ ɪ f ə θ,18
halfway,h æ f w eɪ,18
harvey,h ɑ ɹ v i,18
humble,h ʌ m b ə l,18
hunter,h ʌ n t ɝ,18
hypothesis,h aɪ p ɑ θ ə s ə s,18
informal,ɪ n f ɔ ɹ m ə l,18
initially,ɪ n ɪ ʃ ə l i,18
interrupted,ɪ n t ɝ ʌ p t ɪ d,18
interval,ɪ n t ɝ v ə l,18
intuition,ɪ n t u ɪ ʃ ə n,18
investigated,ɪ n v ɛ s t ə ɡ eɪ t ə d,18
iodine,aɪ ə d aɪ n,18
juvenile,dʒ u v ə n ə l,18
kicked,k ɪ k t,18
knight,n aɪ t,18
kowalski,k ə w ɑ l s k i,18
lamp,l æ m p,18
langford,l æ ŋ f ɝ d,18
lemon,l ɛ m ə n,18
likewise,l aɪ k w aɪ z,18
lip,l ɪ p,18
locations,l oʊ k eɪ ʃ ə n z,18
loyal,l ɔɪ ə l,18
madden,m æ d ə n,18
manufacture,m æ n j ə f æ k tʃ ɝ,18
marry,m ɛ ɹ i,18
mechanisms,m ɛ k ə n ɪ z ə m z,18
medieval,m ɪ d i v ə l,18
meredith,m ɛ ɹ ɪ d ɪ θ,18
milling,m ɪ l ɪ ŋ,18
neglected,n ə ɡ l ɛ k t ə d,18
nineteen,n aɪ n t i n,18
objection,ə b dʒ ɛ k ʃ ə n,18
officially,ə f ɪ ʃ ə l i,18
overhead,oʊ v ɝ h ɛ d,18
overnight,oʊ v ɝ n aɪ t,18
oxford,ɑ k s f ɝ d,18
parlor,p ɑ ɹ l ɝ,18
partnership,p ɑ ɹ t n ɝ ʃ ɪ p,18
pen,p ɛ n,18
photograph,f oʊ t ə ɡ ɹ æ f,18
phrases,f ɹ eɪ z ə z,18
plainly,p l eɪ n l i,18
pole,p oʊ l,18
predicted,p ɹ ɪ d ɪ k t ɪ d,18
print,p ɹ ɪ n t,18
printing,p ɹ ɪ n t ɪ ŋ,18
priority,p ɹ aɪ ɔ ɹ ə t i,18
privilege,p ɹ ɪ v l ə dʒ,18
proceed,p ɹ ə s i d,18
proceedings,p ɹ oʊ s i d ɪ ŋ z,18
pronounced,p ɹ ə n aʊ n s t,18
proportions,p ɹ ə p ɔ ɹ ʃ ə n z,18
ranged,ɹ eɪ n dʒ d,18
ratios,ɹ eɪ ʃ i oʊ z,18
rebel,ɹ ɛ b ə l,18
referring,ɹ ɪ f ɝ ɪ ŋ,18
refers,ɹ ə f ɝ z,18
religions,ɹ i l ɪ dʒ ə n z,18
remarkably,ɹ ɪ m ɑ ɹ k ə b l i,18
repeatedly,ɹ ɪ p i t ɪ d l i,18
representation,ɹ ɛ p ɹ ə z ɛ n t eɪ ʃ ə n,18
resentment,ɹ ɪ z ɛ n t m ə n t,18
rests,ɹ ɛ s t s,18
reverse,ɹ ɪ v ɝ s,18
ridge,ɹ ɪ dʒ,18
roared,ɹ ɔ ɹ d,18
rod,ɹ ɑ d,18
rubbed,ɹ ʌ b d,18
sank,s æ ŋ k,18
saxon,s æ k s ə n,18
selective,s ə l ɛ k t ɪ v,18
serum,s ɪ ɹ ə m,18
shifted,ʃ ɪ f t ə d,18
shrugged,ʃ ɹ ʌ ɡ d,18
simpler,s ɪ m p ə l ɝ,18
sole,s oʊ l,18
speaks,s p i k s,18
specialized,s p ɛ ʃ ə l aɪ z d,18
spectacle,s p ɛ k t ə k ə l,18
spectra,s p ɛ k t ɹ ə,18
squad,s k w ɑ d,18
squeezed,s k w i z d,18
stall,s t ɔ l,18
stein,s t aɪ n,18
stephen,s t i v ə n,18
stevens,s t i v ə n z,18
stevie,s t i v i,18
stocks,s t ɑ k s,18
stolen,s t oʊ l ə n,18
subjective,s ə b dʒ ɛ k t ɪ v,18
submit,s ə b m ɪ t,18
suburbs,s ʌ b ɝ b z,18
sue,s u,18
sung,s ʌ ŋ,18
surprisingly,s ɝ p ɹ aɪ z ɪ ŋ l i,18
systematic,s ɪ s t ə m æ t ɪ k,18
talks,t ɔ k s,18
tanks,t æ ŋ k s,18
tap,t æ p,18
technological,t ɛ k n ə l ɑ dʒ ɪ k ə l,18
terribly,t ɛ ɹ ə b l i,18
theorem,θ ɪ ɹ ə m,18
tokyo,t oʊ k i oʊ,18
tommy,t ɑ m i,18
transport,t ɹ æ n s p ɔ ɹ t,18
tray,t ɹ eɪ,18
twist,t w ɪ s t,18
undertaken,ʌ n d ɝ t eɪ k ə n,18
upton,ʌ p t ə n,18
wing,w ɪ ŋ,18
yankee,j æ ŋ k i,18
youngsters,j ʌ ŋ s t ɝ z,18
abandon,ə b æ n d ə n,17
absurd,ə b s ɝ d,17
acceleration,æ k s ɛ l ɝ eɪ ʃ ə n,17
accelerometer,æ k s ɛ l ɝ ɑ m ə t ɝ,17
accompanying,ə k ʌ m p ə n i ɪ ŋ,17
acquisition,æ k w ə z ɪ ʃ ə n,17
ada,eɪ d ə,17
admired,ə d m aɪ ɝ d,17
aggressive,ə ɡ ɹ ɛ s ɪ v,17
allocation,æ l ə k eɪ ʃ ə n,17
alternatives,ɔ l t ɝ n ə t ɪ v z,17
angie,æ n dʒ i,17
anniston,æ n ɪ s t ɪ n,17
anonymous,ə n ɑ n ə m ə s,17
apartments,ə p ɑ ɹ t m ə n t s,17
artificial,ɑ ɹ t ə f ɪ ʃ ə l,17
assuming,ə s u m ɪ ŋ,17
awarded,ə w ɔ ɹ d ə d,17
awards,ə w ɔ ɹ d z,17
awful,ɑ f ə l,17
ballistic,b ə l ɪ s t ɪ k,17
balls,b ɔ l z,17
baptist,b æ p t ə s t,17
barriers,b æ ɹ i ɝ z,17
basket,b æ s k ə t,17
belonged,b ɪ l ɔ ŋ d,17
benson,b ɛ n s ə n,17
brand,b ɹ æ n d,17
breed,b ɹ i d,17
bunch,b ʌ n tʃ,17
bunks,b ʌ ŋ k s,17
burma,b ɝ m ə,17
cabinet,k æ b ə n ə t,17
campaigns,k æ m p eɪ n z,17
capture,k æ p tʃ ɝ,17
captured,k æ p tʃ ɝ d,17
carroll,k æ ɹ ə l,17
catcher,k æ tʃ ɝ,17
cereal,s ɪ ɹ i ə l,17
chaos,k eɪ ɑ s,17
checks,tʃ ɛ k s,17
chip,tʃ ɪ p,17
christians,k ɹ ɪ s tʃ ə n z,17
cleveland,k l i v l ə n d,17
clever,k l ɛ v ɝ,17
codes,k oʊ d z,17
collar,k ɑ l ɝ,17
combine,k ɑ m b aɪ n,17
comparative,k ə m p ɛ ɹ ə t ɪ v,17
compensation,k ɑ m p ə n s eɪ ʃ ə n,17
confession,k ə n f ɛ ʃ ə n,17
connecticut,k ə n ɛ t ə k ə t,17
consent,k ə n s ɛ n t,17
consist,k ə n s ɪ s t,17
consulted,k ə n s ʌ l t ə d,17
continent,k ɑ n t ə n ə n t,17
cooled,k u l d,17
cops,k ɑ p s,17
corridor,k ɔ ɹ ə d ɝ,17
counsel,k aʊ n s ə l,17
counted,k aʊ n t ə d,17
cracked,k ɹ æ k t,17
dandy,d æ n d i,17
darling,d ɑ ɹ l ɪ ŋ,17
declined,d ɪ k l aɪ n d,17
defensive,d ɪ f ɛ n s ɪ v,17
departure,d ɪ p ɑ ɹ tʃ ɝ,17
deputy,d ɛ p j ə t i,17
describing,d ɪ s k ɹ aɪ b ɪ ŋ,17
designated,d ɛ z ɪ ɡ n eɪ t ɪ d,17
destroying,d ɪ s t ɹ ɔɪ ɪ ŋ,17
detectives,d ɪ t ɛ k t ɪ v z,17
diplomacy,d ɪ p l oʊ m ə s i,17
dome,d oʊ m,17
economics,ɛ k ə n ɑ m ɪ k s,17
eighteen,eɪ t i n,17
embassy,ɛ m b ə s i,17
employers,ɛ m p l ɔɪ ɝ z,17
engines,ɛ n dʒ ə n z,17
enjoying,ɛ n dʒ ɔɪ ɪ ŋ,17
explosive,ɪ k s p l oʊ s ɪ v,17
failing,f eɪ l ɪ ŋ,17
females,f i m eɪ l z,17
fires,f aɪ ɝ z,17
fitting,f ɪ t ɪ ŋ,17
flame,f l eɪ m,17
fleet,f l i t,17
flowing,f l oʊ ɪ ŋ,17
followers,f ɑ l oʊ ɝ z,17
formidable,f ɔ ɹ m ə d ə b ə l,17
formulation,f ɔ ɹ m j ə l eɪ ʃ ə n,17
frankfurter,f ɹ æ ŋ k f ɝ t ɝ,17
frankie,f ɹ æ ŋ k i,17
friction,f ɹ ɪ k ʃ ə n,17
fuel,f j u ə l,17
fulton,f ʊ l t ə n,17
gambling,ɡ æ m b ə l ɪ ŋ,17
gap,ɡ æ p,17
geneva,dʒ ə n i v ə,17
geometric,dʒ i ə m ɛ t ɹ ɪ k,17
giffen,ɡ ɪ f ə n,17
gonna,ɡ ɑ n ə,17
graduates,ɡ ɹ æ dʒ ə w ə t s,17
graph,ɡ ɹ æ f,17
grasp,ɡ ɹ æ s p,17
guerrillas,ɡ ɝ ɪ l ə z,17
hamilton,h æ m ə l t ə n,17
hank,h æ ŋ k,17
heroes,h ɪ ɹ oʊ z,17
hiding,h aɪ d ɪ ŋ,17
hitting,h ɪ t ɪ ŋ,17
holiday,h ɑ l ə d eɪ,17
horror,h ɔ ɹ ɝ,17
hunger,h ʌ ŋ ɡ ɝ,17
illustrate,ɪ l ə s t ɹ eɪ t,17
imaginary,ɪ m æ dʒ ə n ɛ ɹ i,17
implied,ɪ m p l aɪ d,17
import,ɪ m p ɔ ɹ t,17
inability,ɪ n ə b ɪ l ɪ t i,17
indifference,ɪ n d ɪ f ɝ ə n s,17
indirectly,ɪ n d ɝ ɛ k t l i,17
infectious,ɪ n f ɛ k ʃ ə s,17
inquiries,ɪ n k w aɪ ɝ i z,17
inquiry,ɪ n k w aɪ ɹ i,17
interaction,ɪ n t ɝ æ k ʃ ə n,17
intersection,ɪ n t ɝ s ɛ k ʃ ə n,17
ivory,aɪ v ɝ i,17
kiss,k ɪ s,17
krim,k ɹ ɪ m,17
lao,l aʊ,17
lessons,l ɛ s ə n z,17
lest,l ɛ s t,17
lion,l aɪ ə n,17
lit,l ɪ t,17
lizzie,l ɪ z i,17
logic,l ɑ dʒ ɪ k,17
loudly,l aʊ d l i,17
meadow,m ɛ d oʊ,17
milton,m ɪ l t ə n,17
missionary,m ɪ ʃ ə n ɛ ɹ i,17
mistaken,m ɪ s t eɪ k ə n,17
molecular,m ə l ɛ k j ə l ɝ,17
morale,m ɝ æ l,17
moreland,m ɔ ɹ l ə n d,17
mortgage,m ɔ ɹ ɡ ə dʒ,17
motions,m oʊ ʃ ə n z,17
murmured,m ɝ m ɝ d,17
muttered,m ʌ t ɝ d,17
nadine,n ə d i n,17
neighborhoods,n eɪ b ɝ h ʊ d z,17
noting,n oʊ t ɪ ŋ,17
notions,n oʊ ʃ ə n z,17
nurse,n ɝ s,17
nursing,n ɝ s ɪ ŋ,17
obscure,ə b s k j ʊ ɹ,17
operators,ɑ p ɝ eɪ t ɝ z,17
packing,p æ k ɪ ŋ,17
pastor,p æ s t ɝ,17
pays,p eɪ z,17
performing,p ɝ f ɔ ɹ m ɪ ŋ,17
persuade,p ɝ s w eɪ d,17
piazza,p i æ z ə,17
pierre,p i ɛ ɹ,17
pockets,p ɑ k ə t s,17
popularity,p ɑ p j ə l ɛ ɹ ə t i,17
porter,p ɔ ɹ t ɝ,17
portrait,p ɔ ɹ t ɹ ə t,17
possess,p ə z ɛ s,17
praise,p ɹ eɪ z,17
preaching,p ɹ i tʃ ɪ ŋ,17
preservation,p ɹ ɛ z ɝ v eɪ ʃ ə n,17
prevailing,p ɹ ɪ v eɪ l ɪ ŋ,17
productivity,p ɹ oʊ d ə k t ɪ v ə t i,17
progressive,p ɹ ə ɡ ɹ ɛ s ɪ v,17
purchasing,p ɝ tʃ ə s ɪ ŋ,17
pushing,p ʊ ʃ ɪ ŋ,17
quote,k w oʊ t,17
raymond,ɹ eɪ m ə n d,17
readings,ɹ ɛ d ɪ ŋ z,17
rebels,ɹ ɛ b ə l z,17
reflecting,ɹ ə f l ɛ k t ɪ ŋ,17
remembering,ɹ ɪ m ɛ m b ɝ ɪ ŋ,17
renewed,ɹ ɪ n u d,17
reporting,ɹ i p ɔ ɹ t ɪ ŋ,17
respiratory,ɹ ɛ s p ɝ ə t ɔ ɹ i,17
rested,ɹ ɛ s t ə d,17
rivers,ɹ ɪ v ɝ z,17
scientist,s aɪ ə n t ɪ s t,17
screamed,s k ɹ i m d,17
screaming,s k ɹ i m ɪ ŋ,17
seal,s i l,17
seasons,s i z ə n z,17
seemingly,s i m ɪ ŋ l i,17
sensed,s ɛ n s t,17
separation,s ɛ p ɝ eɪ ʃ ə n,17
shake,ʃ eɪ k,17
shaped,ʃ eɪ p t,17
shifts,ʃ ɪ f t s,17
shops,ʃ ɑ p s,17
significantly,s ɪ ɡ n ɪ f ɪ k ə n t l i,17
silently,s aɪ l ə n t l i,17
simms,s ɪ m z,17
slowed,s l oʊ d,17
sooner,s u n ɝ,17
spontaneous,s p ɑ n t eɪ n i ə s,17
sport,s p ɔ ɹ t,17
statue,s t æ tʃ u,17
staying,s t eɪ ɪ ŋ,17
steam,s t i m,17
stretching,s t ɹ ɛ tʃ ɪ ŋ,17
stripped,s t ɹ ɪ p t,17
suicide,s u ə s aɪ d,17
summers,s ʌ m ɝ z,17
sums,s ʌ m z,17
sunlight,s ʌ n l aɪ t,17
superintendent,s u p ɝ ə n t ɛ n d ə n t,17
supernatural,s u p ɝ n æ tʃ ɝ ə l,17
thee,ð i,17
throwing,θ ɹ oʊ ɪ ŋ,17
titles,t aɪ t ə l z,17
tracing,t ɹ eɪ s ɪ ŋ,17
tract,t ɹ æ k t,17
transom,t ɹ æ n s ə m,17
trevelyan,t ɹ ə v ɛ l j ə n,17
tumor,t u m ɝ,17
uncertainty,ə n s ɝ t ə n t i,17
useless,j u s l ə s,17
vaguely,v eɪ ɡ l i,17
vicious,v ɪ ʃ ə s,17
violation,v aɪ ə l eɪ ʃ ə n,17
visits,v ɪ z ə t s,17
vitality,v aɪ t æ l ə t i,17
voyage,v ɔɪ ə dʒ,17
wagons,w æ ɡ ə n z,17
walker,w ɔ k ɝ,17
weary,w ɪ ɹ i,17
whiskey,w ɪ s k i,17
wider,w aɪ d ɝ,17
abstraction,æ b s t ɹ æ k ʃ ə n,16
adequately,æ d ə k w ə t l i,16
adjust,ə dʒ ʌ s t,16
afterward,æ f t ɝ w ɝ d,16
aims,eɪ m z,16
alarm,ə l ɑ ɹ m,16
alien,eɪ l i ə n,16
allowance,ə l aʊ ə n s,16
ambitious,æ m b ɪ ʃ ə s,16
ample,æ m p ə l,16
analytic,æ n ə l ɪ t ɪ k,16
angular,æ ŋ ɡ j ə l ɝ,16
anthony,æ n θ ə n i,16
appearing,ə p ɪ ɹ ɪ ŋ,16
arranging,ɝ eɪ n dʒ ɪ ŋ,16
arteries,ɑ ɹ t ɝ i z,16
ashamed,ə ʃ eɪ m d,16
asserted,ə s ɝ t ə d,16
ate,eɪ t,16
attic,æ t ɪ k,16
audiences,ɑ d i ə n s ə z,16
bass,b æ s,16
beautifully,b j u t ə f l i,16
bitterly,b ɪ t ɝ l i,16
bleeding,b l i d ɪ ŋ,16
blockade,b l ɑ k eɪ d,16
bounced,b aʊ n s t,16
boundary,b aʊ n d ɝ i,16
broadcast,b ɹ ɔ d k æ s t,16
brooks,b ɹ ʊ k s,16
buffalo,b ʌ f ə l oʊ,16
buffer,b ʌ f ɝ,16
bulk,b ʌ l k,16
byron,b aɪ ɹ ə n,16
candy,k æ n d i,16
capita,k æ p ɪ t ə,16
channel,tʃ æ n ə l,16
chapters,tʃ æ p t ɝ z,16
chemistry,k ɛ m ə s t ɹ i,16
cherished,tʃ ɛ ɹ ɪ ʃ t,16
chores,tʃ ɔ ɹ z,16
circulation,s ɝ k j ə l eɪ ʃ ə n,16
claiming,k l eɪ m ɪ ŋ,16
claire,k l ɛ ɹ,16
cleaned,k l i n d,16
clearing,k l ɪ ɹ ɪ ŋ,16
closet,k l ɑ z ə t,16
clover,k l oʊ v ɝ,16
cockpit,k ɑ k p ɪ t,16
collect,k ə l ɛ k t,16
commissioners,k ə m ɪ ʃ ə n ɝ z,16
commit,k ə m ɪ t,16
commitments,k ə m ɪ t m ə n t s,16
compatible,k ə m p æ t ə b ə l,16
composite,k ə m p ɑ z ə t,16
compounds,k ɑ m p aʊ n d z,16
conclude,k ə n k l u d,16
confident,k ɑ n f ə d ə n t,16
confined,k ə n f aɪ n d,16
confirm,k ə n f ɝ m,16
conformity,k ə n f ɔ ɹ m ə t i,16
confrontation,k ɑ n f ɹ ə n t eɪ ʃ ə n,16
conjunction,k ə n dʒ ʌ ŋ k ʃ ə n,16
contents,k ɑ n t ɛ n t s,16
correlation,k ɔ ɹ ə l eɪ ʃ ə n,16
costly,k ɑ s t l i,16
cowboy,k aʊ b ɔɪ,16
cows,k aʊ z,16
cranston,k ɹ æ n s t ə n,16
crouched,k ɹ aʊ tʃ t,16
curriculum,k ɝ ɪ k j ə l ə m,16
damp,d æ m p,16
dangers,d eɪ n dʒ ɝ z,16
delegates,d ɛ l ə ɡ eɪ t s,16
delighted,d ɪ l aɪ t ə d,16
denver,d ɛ n v ɝ,16
deserves,d ɪ z ɝ v z,16
devised,d ɪ v aɪ z d,16
dickens,d ɪ k ə n z,16
differential,d ɪ f ɝ ɛ n ʃ ə l,16
differently,d ɪ f ɹ ə n t l i,16
disastrous,d ɪ z æ s t ɹ ə s,16
discussing,d ɪ s k ʌ s ɪ ŋ,16
dish,d ɪ ʃ,16
disturbing,d ɪ s t ɝ b ɪ ŋ,16
doubts,d aʊ t s,16
downward,d aʊ n w ɝ d,16
dropping,d ɹ ɑ p ɪ ŋ,16
dusty,d ʌ s t i,16
earn,ɝ n,16
endurance,ɛ n d ɝ ə n s,16
excluding,ɪ k s k l u d ɪ ŋ,16
exhibits,ɪ ɡ z ɪ b ə t s,16
explosion,ɪ k s p l oʊ ʒ ə n,16
fancy,f æ n s i,16
farming,f ɑ ɹ m ɪ ŋ,16
farms,f ɑ ɹ m z,16
fee,f i,16
fences,f ɛ n s ə z,16
fighters,f aɪ t ɝ z,16
financed,f ɪ n æ n s t,16
finest,f aɪ n ə s t,16
flag,f l æ ɡ,16
flashed,f l æ ʃ t,16
flavor,f l eɪ v ɝ,16
flexibility,f l ɛ k s ə b ɪ l ə t i,16
foolish,f u l ɪ ʃ,16
forehead,f ɔ ɹ h ɛ d,16
founding,f aʊ n d ɪ ŋ,16
fringe,f ɹ ɪ n dʒ,16
gavin,ɡ æ v ɪ n,16
geographical,dʒ i ə ɡ ɹ æ f ɪ k ə l,16
glimpse,ɡ l ɪ m p s,16
glorious,ɡ l ɔ ɹ i ə s,16
glow,ɡ l oʊ,16
goodness,ɡ ʊ d n ə s,16
gotten,ɡ ɑ t ə n,16
gown,ɡ aʊ n,16
grab,ɡ ɹ æ b,16
gradual,ɡ ɹ æ dʒ u ə l,16
greece,ɡ ɹ i s,16
handley,h æ n d l i,16
hanford,h æ n f ɝ d,16
hawaii,h ə w aɪ i,16
heated,h i t ə d,16
henri,h ɛ n ɹ i,16
hers,h ɝ z,16
highways,h aɪ w eɪ z,16
historically,h ɪ s t ɔ ɹ ɪ k ə l i,16
homer,h oʊ m ɝ,16
humorous,h j u m ɝ ə s,16
ideals,aɪ d i l z,16
ignorance,ɪ ɡ n ɝ ə n s,16
implies,ɪ m p l aɪ z,16
improving,ɪ m p ɹ u v ɪ ŋ,16
indicating,ɪ n d ə k eɪ t ɪ ŋ,16
indications,ɪ n d ə k eɪ ʃ ə n z,16
infantry,ɪ n f ə n t ɹ i,16
influenced,ɪ n f l u ə n s t,16
inherited,ɪ n h ɛ ɹ ə t ɪ d,16
injustice,ɪ n dʒ ʌ s t ɪ s,16
inquired,ɪ n k w aɪ ɝ d,16
inserted,ɪ n s ɝ t ə d,16
insights,ɪ n s aɪ t s,16
installations,ɪ n s t ə l eɪ ʃ ə n z,16
instructed,ɪ n s t ɹ ʌ k t ə d,16
invasion,ɪ n v eɪ ʒ ə n,16
investors,ɪ n v ɛ s t ɝ z,16
isolation,aɪ s ə l eɪ ʃ ə n,16
jar,dʒ ɑ ɹ,16
jaw,dʒ ɔ,16
jeep,dʒ i p,16
judicial,dʒ u d ɪ ʃ ə l,16
justification,dʒ ʌ s t ə f ə k eɪ ʃ ə n,16
lecture,l ɛ k tʃ ɝ,16
legitimate,l ə dʒ ɪ t ə m ə t,16
leveling,l ɛ v ə l ɪ ŋ,16
lined,l aɪ n d,16
link,l ɪ ŋ k,16
linked,l ɪ ŋ k t,16
liver,l ɪ v ɝ,16
locate,l oʊ k eɪ t,16
lung,l ʌ ŋ,16
mae,m eɪ,16
mailed,m eɪ l d,16
maintains,m eɪ n t eɪ n z,16
mare,m ɛ ɹ,16
matched,m æ tʃ t,16
messages,m ɛ s ə dʒ ə z,16
metaphysical,m ɛ t ə f ɪ z ɪ k ə l,16
minimize,m ɪ n ə m aɪ z,16
miracle,m ɪ ɹ ə k ə l,16
missions,m ɪ ʃ ə n z,16
mistakes,m ɪ s t eɪ k s,16
monk,m ʌ ŋ k,16
montgomery,m ɑ n t ɡ ʌ m ɹ i,16
muscular,m ʌ s k j ə l ɝ,16
nelson,n ɛ l s ə n,16
networks,n ɛ t w ɝ k s,16
nicolas,n ɪ k ə l ə s,16
northeast,n ɔ ɹ θ i s t,16
notably,n oʊ t ə b l i,16
obligation,ɑ b l ə ɡ eɪ ʃ ə n,16
observer,ə b z ɝ v ɝ,16
occupy,ɑ k j ə p aɪ,16
opens,oʊ p ə n z,16
opium,oʊ p i ə m,16
optimum,ɑ p t ə m ə m,16
orbit,ɔ ɹ b ə t,16
oriental,ɔ ɹ i ɛ n t ə l,16
orientation,ɔ ɹ i ɛ n t eɪ ʃ ə n,16
outfit,aʊ t f ɪ t,16
pan,p æ n,16
parliament,p ɑ ɹ l ə m ə n t,16
partners,p ɑ ɹ t n ɝ z,16
payne,p eɪ n,16
payroll,p eɪ ɹ oʊ l,16
peak,p i k,16
persistent,p ɝ s ɪ s t ə n t,16
philosopher,f ə l ɑ s ə f ɝ,16
photographs,f oʊ t ə ɡ ɹ æ f s,16
piled,p aɪ l d,16
pin,p ɪ n,16
pitching,p ɪ tʃ ɪ ŋ,16
pottery,p ɑ t ɝ i,16
priest,p ɹ i s t,16
priests,p ɹ i s t s,16
pro,p ɹ oʊ,16
proceeds,p ɹ ə s i d z,16
producer,p ɹ ə d u s ɝ,16
professors,p ɹ ə f ɛ s ɝ z,16
prolonged,p ɹ ə l ɔ ŋ d,16
proposition,p ɹ ɑ p ə z ɪ ʃ ə n,16
proves,p ɹ u v z,16
purchases,p ɝ tʃ ə s ə z,16
pursuit,p ɝ s u t,16
qualifications,k w ɑ l ə f ə k eɪ ʃ ə n z,16
quest,k w ɛ s t,16
rage,ɹ eɪ dʒ,16
rail,ɹ eɪ l,16
railroads,ɹ eɪ l ɹ oʊ d z,16
raises,ɹ eɪ z ə z,16
reads,ɹ i d z,16
reasoning,ɹ i z ə n ɪ ŋ,16
references,ɹ ɛ f ɝ ə n s ɪ z,16
refuse,ɹ ə f j u z,16
requiring,ɹ i k w aɪ ɝ ɪ ŋ,16
resume,ɹ ɪ z u m,16
revised,ɹ ɪ v aɪ z d,16
rider,ɹ aɪ d ɝ,16
roleplaying,ɹ oʊ l p l eɪ ɪ ŋ,16
rows,ɹ oʊ z,16
ruined,ɹ u ə n d,16
saint,s eɪ n t,16
satisfy,s æ t ə s f aɪ,16
scott,s k ɑ t,16
secular,s ɛ k j ə l ɝ,16
severely,s ə v ɪ ɹ l i,16
shipments,ʃ ɪ p m ə n t s,16
shortage,ʃ ɔ ɹ t ə dʒ,16
simplicity,s ɪ m p l ɪ s ə t i,16
sins,s ɪ n z,16
sites,s aɪ t s,16
sketch,s k ɛ tʃ,16
slammed,s l æ m d,16
solar,s oʊ l ɝ,16
soup,s u p,16
southwest,s aʊ θ w ɛ s t,16
specialist,s p ɛ ʃ ə l ə s t,16
spotted,s p ɑ t ə d,16
spray,s p ɹ eɪ,16
spreading,s p ɹ ɛ d ɪ ŋ,16
spun,s p ʌ n,16
staged,s t eɪ dʒ d,16
stating,s t eɪ t ɪ ŋ,16
statistical,s t ə t ɪ s t ɪ k ə l,16
stirring,s t ɝ ɪ ŋ,16
strengthen,s t ɹ ɛ ŋ θ ə n,16
stride,s t ɹ aɪ d,16
strings,s t ɹ ɪ ŋ z,16
stuart,s t u ɝ t,16
sturdy,s t ɝ d i,16
successor,s ə k s ɛ s ɝ,16
swinging,s w ɪ ŋ ɪ ŋ,16
switched,s w ɪ tʃ t,16
synthesis,s ɪ n θ ə s ə s,16
taxi,t æ k s i,16
telephoned,t ɛ l ə f oʊ n d,16
thereof,ð ɛ ɹ ʌ v,16
thru,θ ɹ u,16
ticket,t ɪ k ə t,16
tile,t aɪ l,16
toll,t oʊ l,16
tourist,t ʊ ɹ ə s t,16
trails,t ɹ eɪ l z,16
trains,t ɹ eɪ n z,16
transit,t ɹ æ n z ɪ t,16
translate,t ɹ æ n z l eɪ t,16
translated,t ɹ æ n z l eɪ t ə d,16
translation,t ɹ æ n z l eɪ ʃ ə n,16
transmission,t ɹ æ n s m ɪ ʃ ə n,16
troop,t ɹ u p,16
typically,t ɪ p ɪ k l i,16
unemployment,ʌ n ɪ m p l ɔɪ m ə n t,16
unnecessary,ə n n ɛ s ə s ɛ ɹ i,16
unto,ʌ n t u,16
vegetables,v ɛ dʒ t ə b ə l z,16
vertical,v ɝ t ɪ k ə l,16
vessel,v ɛ s ə l,16
veterans,v ɛ t ɝ ə n z,16
viet,v i ɛ t,16
viewpoint,v j u p ɔɪ n t,16
voltage,v oʊ l t ə dʒ,16
wanting,w ɑ n t ɪ ŋ,16
wasted,w eɪ s t ə d,16
waved,w eɪ v d,16
weighed,w eɪ d,16
whites,w aɪ t s,16
willis,w ɪ l ɪ s,16
accustomed,ə k ʌ s t ə m d,15
ace,eɪ s,15
achieving,ə tʃ i v ɪ ŋ,15
actors,æ k t ɝ z,15
administrator,ə d m ɪ n ə s t ɹ eɪ t ɝ,15
advocate,æ d v ə k ə t,15
aegean,ɪ dʒ i ə n,15
agreements,ə ɡ ɹ i m ə n t s,15
alongside,ə l ɔ ŋ s aɪ d,15
alter,ɔ l t ɝ,15
ambitions,æ m b ɪ ʃ ə n z,15
amy,eɪ m i,15
anchor,æ ŋ k ɝ,15
apprentice,ə p ɹ ɛ n t ə s,15
apt,æ p t,15
arguments,ɑ ɹ ɡ j ə m ə n t s,15
armies,ɑ ɹ m i z,15
arriving,ɝ aɪ v ɪ ŋ,15
assault,ə s ɔ l t,15
associates,ə s oʊ s i ə t s,15
attraction,ə t ɹ æ k ʃ ə n,15
backs,b æ k s,15
bankers,b æ ŋ k ɝ z,15
bathing,b eɪ ð ɪ ŋ,15
batting,b æ t ɪ ŋ,15
beaten,b i t ə n,15
bees,b i z,15
berger,b ɝ ɡ ɝ,15
blackman,b l æ k m ə n,15
blast,b l æ s t,15
boost,b u s t,15
bottles,b ɑ t ə l z,15
bow,b aʊ,15
brooding,b ɹ u d ɪ ŋ,15
burn,b ɝ n,15
burton,b ɝ t ə n,15
businessmen,b ɪ z n ɪ s m ɛ n,15
cafeteria,k æ f ə t ɪ ɹ i ə,15
cambridge,k eɪ m b ɹ ɪ dʒ,15
cardinal,k ɑ ɹ d ə n ə l,15
cared,k ɛ ɹ d,15
carla,k ɑ ɹ l ə,15
cease,s i s,15
celebration,s ɛ l ə b ɹ eɪ ʃ ə n,15
cemetery,s ɛ m ə t ɛ ɹ i,15
circumstance,s ɝ k ə m s t æ n s,15
clearer,k l ɪ ɹ ɝ,15
client,k l aɪ ə n t,15
clue,k l u,15
coalition,k oʊ ə l ɪ ʃ ə n,15
collage,k ə l ɑ ʒ,15
commanded,k ə m æ n d ə d,15
commands,k ə m æ n d z,15
commonplace,k ɑ m ə n p l eɪ s,15
comparatively,k ə m p ɛ ɹ ə t ɪ v l i,15
competing,k ə m p i t ɪ ŋ,15
connections,k ə n ɛ k ʃ ə n z,15
considers,k ə n s ɪ d ɝ z,15
constructive,k ə n s t ɹ ʌ k t ɪ v,15
contempt,k ə n t ɛ m p t,15
contours,k ɑ n t ʊ ɹ z,15
contributing,k ə n t ɹ ɪ b j u t ɪ ŋ,15
coordination,k oʊ ɔ ɹ d ə n eɪ ʃ ə n,15
cop,k ɑ p,15
cracking,k ɹ æ k ɪ ŋ,15
creature,k ɹ i tʃ ɝ,15
crude,k ɹ u d,15
cruel,k ɹ u ə l,15
crying,k ɹ aɪ ɪ ŋ,15
cubic,k j u b ɪ k,15
da,d ɑ,15
dad,d æ d,15
daylight,d eɪ l aɪ t,15
deals,d i l z,15
decrease,d ɪ k ɹ i s,15
deemed,d i m d,15
defeated,d ɪ f i t ə d,15
deliberate,d ɪ l ɪ b ɝ ə t,15
denominations,d ɪ n ɔ m ə n eɪ ʃ ə n z,15
deserted,d ɪ z ɝ t ɪ d,15
devote,d ɪ v oʊ t,15
dimension,d ɪ m ɛ n ʃ ə n,15
disappointed,d ɪ s ə p ɔɪ n t ɪ d,15
disappointment,d ɪ s ə p ɔɪ n t m ə n t,15
disapproval,d ɪ s ə p ɹ u v ə l,15
discouraged,d ɪ s k ɝ ə dʒ d,15
dissolved,d ɪ z ɑ l v d,15
distinctions,d ɪ s t ɪ ŋ k ʃ ə n z,15
distress,d ɪ s t ɹ ɛ s,15
divisions,d ɪ v ɪ ʒ ə n z,15
domination,d ɑ m ə n eɪ ʃ ə n,15
doorway,d ɔ ɹ w eɪ,15
drag,d ɹ æ ɡ,15
dragged,d ɹ æ ɡ d,15
dragging,d ɹ æ ɡ ɪ ŋ,15
drums,d ɹ ʌ m z,15
dug,d ʌ ɡ,15
dutch,d ʌ tʃ,15
elder,ɛ l d ɝ,15
eliminating,ɪ l ɪ m ə n eɪ t ɪ ŋ,15
elizabeth,ɪ l ɪ z ə b ə θ,15
emerging,ɪ m ɝ dʒ ɪ ŋ,15
employer,ɛ m p l ɔɪ ɝ,15
englishman,ɪ ŋ ɡ l ɪ ʃ m ə n,15
essence,ɛ s ə n s,15
eugenia,j u dʒ i n i ə,15
evenings,i v n ɪ ŋ z,15
excellence,ɛ k s ə l ə n s,15
execution,ɛ k s ə k j u ʃ ə n,15
exhausted,ɪ ɡ z ɔ s t ə d,15
expedition,ɛ k s p ə d ɪ ʃ ə n,15
explanations,ɛ k s p l ə n eɪ ʃ ə n z,15
expressions,ɪ k s p ɹ ɛ ʃ ə n z,15
fabric,f æ b ɹ ɪ k,15
feasible,f i z ə b ə l,15
federation,f ɛ d ɝ eɪ ʃ ə n,15
fluids,f l u ə d z,15
folded,f oʊ l d ə d,15
forbidden,f ɔ ɹ b ɪ d ə n,15
forgiveness,f ɝ ɡ ɪ v n ə s,15
foster,f ɑ s t ɝ,15
freezing,f ɹ i z ɪ ŋ,15
fromm,f ɹ ɑ m,15
gaining,ɡ eɪ n ɪ ŋ,15
gates,ɡ eɪ t s,15
governed,ɡ ʌ v ɝ n d,15
graham,ɡ ɹ eɪ ə m,15
guessed,ɡ ɛ s t,15
hastily,h eɪ s t ə l i,15
havana,h ə v æ n ə,15
heavier,h ɛ v i ɝ,15
helium,h i l i ə m,15
hey,h eɪ,15
hire,h aɪ ɝ,15
homeric,h oʊ m ɛ ɹ ɪ k,15
honors,ɑ n ɝ z,15
horrible,h ɔ ɹ ə b ə l,15
imports,ɪ m p ɔ ɹ t s,15
indispensable,ɪ n d ɪ s p ɛ n s ə b ə l,15
intend,ɪ n t ɛ n d,15
intensive,ɪ n t ɛ n s ɪ v,15
israel,ɪ z ɹ i ə l,15
jay,dʒ eɪ,15
jerry,dʒ ɛ ɹ i,15
joining,dʒ ɔɪ n ɪ ŋ,15
juanita,w ɑ n i t ə,15
judged,dʒ ʌ dʒ d,15
judging,dʒ ʌ dʒ ɪ ŋ,15
katie,k eɪ t i,15
kick,k ɪ k,15
kissed,k ɪ s t,15
knock,n ɑ k,15
lagoon,l ə ɡ u n,15
landed,l æ n d ə d,15
lawn,l ɔ n,15
leaning,l i n ɪ ŋ,15
lectures,l ɛ k tʃ ɝ z,15
liberalism,l ɪ b ɝ ə l ɪ z ə m,15
literal,l ɪ t ɝ ə l,15
loses,l u z ə z,15
loving,l ʌ v ɪ ŋ,15
lublin,l ʌ b l ɪ n,15
lyrics,l ɪ ɹ ɪ k s,15
madame,m æ d ə m,15
manners,m æ n ɝ z,15
marching,m ɑ ɹ tʃ ɪ ŋ,15
meaningless,m i n ɪ ŋ l ə s,15
memories,m ɛ m ɝ i z,15
mentally,m ɛ n t ə l i,15
mileage,m aɪ l ə dʒ,15
misery,m ɪ z ɝ i,15
molding,m oʊ l d ɪ ŋ,15
morton,m ɔ ɹ t ə n,15
needle,n i d ə l,15
newest,n u ə s t,15
norman,n ɔ ɹ m ə n,15
novelist,n ɑ v ə l ə s t,15
nut,n ʌ t,15
oak,oʊ k,15
oils,ɔɪ l z,15
onion,ʌ n j ə n,15
operates,ɑ p ɝ eɪ t s,15
opponent,ə p oʊ n ə n t,15
oppose,ə p oʊ z,15
optimism,ɑ p t ə m ɪ z ə m,15
optimistic,ɑ p t ə m ɪ s t ɪ k,15
originated,ɝ ɪ dʒ ə n eɪ t ə d,15
owed,oʊ d,15
pains,p eɪ n z,15
parent,p ɛ ɹ ə n t,15
participating,p ɑ ɹ t ɪ s ə p eɪ t ɪ ŋ,15
penetration,p ɛ n ə t ɹ eɪ ʃ ə n,15
personalities,p ɝ s ə n æ l ɪ t i z,15
petition,p ə t ɪ ʃ ə n,15
physician,f ə z ɪ ʃ ə n,15
picnic,p ɪ k n ɪ k,15
pill,p ɪ l,15
placement,p l eɪ s m ə n t,15
plunged,p l ʌ n dʒ d,15
policemen,p ə l i s m ɪ n,15
pools,p u l z,15
potato,p ə t eɪ t oʊ,15
potatoes,p ə t eɪ t oʊ z,15
powell,p aʊ ə l,15
practicing,p ɹ æ k t ə s ɪ ŋ,15
preceded,p ɹ ɪ s i d ɪ d,15
preparations,p ɹ ɛ p ɝ eɪ ʃ ə n z,15
preventive,p ɹ ɪ v ɛ n t ɪ v,15
profile,p ɹ oʊ f aɪ l,15
province,p ɹ ɑ v ə n s,15
qualify,k w ɑ l ə f aɪ,15
quit,k w ɪ t,15
rancher,ɹ æ n tʃ ɝ,15
razor,ɹ eɪ z ɝ,15
react,ɹ i æ k t,15
readiness,ɹ ɛ d i n ə s,15
realities,ɹ i æ l ə t i z,15
refusal,ɹ ə f j u z ə l,15
reluctant,ɹ ɪ l ʌ k t ə n t,15
remind,ɹ i m aɪ n d,15
rental,ɹ ɛ n t ə l,15
rescue,ɹ ɛ s k j u,15
restricted,ɹ i s t ɹ ɪ k t ə d,15
reward,ɹ ɪ w ɔ ɹ d,15
roger,ɹ ɑ dʒ ɝ,15
rope,ɹ oʊ p,15
rounded,ɹ aʊ n d ə d,15
rubber,ɹ ʌ b ɝ,15
ryan,ɹ aɪ ə n,15
scholar,s k ɑ l ɝ,15
scored,s k ɔ ɹ d,15
scores,s k ɔ ɹ z,15
seats,s i t s,15
segregated,s ɛ ɡ ɹ ə ɡ eɪ t ɪ d,15
selden,s ɛ l d ə n,15
selecting,s ə l ɛ k t ɪ ŋ,15
selections,s ə l ɛ k ʃ ə n z,15
senses,s ɛ n s ɪ z,15
sentimental,s ɛ n t ə m ɛ n t ə l,15
sheer,ʃ ɪ ɹ,15
shower,ʃ aʊ ɝ,15
sights,s aɪ t s,15
silly,s ɪ l i,15
sincere,s ɪ n s ɪ ɹ,15
sizable,s aɪ z ə b ə l,15
sloan,s l oʊ n,15
smashed,s m æ ʃ t,15
socially,s oʊ ʃ ə l i,15
sociology,s oʊ s i ɑ l ə dʒ i,15
soils,s ɔɪ l z,15
stalin,s t ɑ l ə n,15
stature,s t æ tʃ ɝ,15
steinberg,s t aɪ n b ɝ ɡ,15
stevenson,s t i v ə n s ə n,15
stimulus,s t ɪ m j ə l ə s,15
stirred,s t ɝ d,15
stove,s t oʊ v,15
straw,s t ɹ ɔ,15
substituted,s ʌ b s t ə t u t ə d,15
succeed,s ə k s i d,15
supports,s ə p ɔ ɹ t s,15
sustained,s ə s t eɪ n d,15
sweep,s w i p,15
swiftly,s w ɪ f t l i,15
swim,s w ɪ m,15
tappet,t æ p ə t,15
tennis,t ɛ n ə s,15
tense,t ɛ n s,15
tentative,t ɛ n t ə t ɪ v,15
termed,t ɝ m d,15
textiles,t ɛ k s t aɪ l z,15
texture,t ɛ k s tʃ ɝ,15
thread,θ ɹ ɛ d,15
threshold,θ ɹ ɛ ʃ oʊ l d,15
ties,t aɪ z,15
tightly,t aɪ t l i,15
tore,t ɔ ɹ,15
touching,t ʌ tʃ ɪ ŋ,15
trick,t ɹ ɪ k,15
turnpike,t ɝ n p aɪ k,15
underwater,ʌ n d ɝ w ɔ t ɝ,15
unpleasant,ə n p l ɛ z ə n t,15
validity,v ə l ɪ d ə t i,15
vanished,v æ n ɪ ʃ t,15
verdict,v ɝ d ɪ k t,15
virtues,v ɝ tʃ u z,15
waddell,w ɑ d ɛ l,15
writings,ɹ aɪ t ɪ ŋ z,15
accommodate,ə k ɑ m ə d eɪ t,14
administered,ə d m ɪ n ə s t ɝ d,14
adventure,æ d v ɛ n tʃ ɝ,14
adventures,æ d v ɛ n tʃ ɝ z,14
affixed,ə f ɪ k s t,14
afterwards,æ f t ɝ w ɝ d z,14
alice,æ l ə s,14
amended,ə m ɛ n d ə d,14
amid,ə m ɪ d,14
amusing,ə m j u z ɪ ŋ,14
anaconda,æ n ə k ɑ n d ə,14
analyzed,æ n ə l aɪ z d,14
annually,æ n j u ə l i,14
answering,æ n s ɝ ɪ ŋ,14
appealing,ə p i l ɪ ŋ,14
appearances,ə p ɪ ɹ ə n s ə z,14
applause,ə p l ɔ z,14
approve,ə p ɹ u v,14
aqueous,eɪ k w i ə s,14
arises,ɝ aɪ z ə z,14
arrow,æ ɹ oʊ,14
attach,ə t æ tʃ,14
auditorium,ɔ d ə t ɔ ɹ i ə m,14
bacterial,b æ k t ɪ ɹ i ə l,14
bari,b ɑ ɹ i,14
bark,b ɑ ɹ k,14
bastards,b æ s t ɝ d z,14
beaches,b i tʃ ə z,14
belgian,b ɛ l dʒ ə n,14
believing,b ɪ l i v ɪ ŋ,14
beowulf,b eɪ ə w ʊ l f,14
beverly,b ɛ v ɝ l i,14
blank,b l æ ŋ k,14
bored,b ɔ ɹ d,14
borrowed,b ɑ ɹ oʊ d,14
bothered,b ɑ ð ɝ d,14
boundaries,b aʊ n d ɝ i z,14
boxes,b ɑ k s ə z,14
brace,b ɹ eɪ s,14
breeze,b ɹ i z,14
bubbles,b ʌ b ə l z,14
bull,b ʊ l,14
bush,b ʊ ʃ,14
cannery,k æ n ɝ i,14
capability,k eɪ p ə b ɪ l ə t i,14
capitalism,k æ p ɪ t ə l ɪ z ə m,14
careers,k ɝ ɪ ɹ z,14
carved,k ɑ ɹ v d,14
celebrated,s ɛ l ə b ɹ eɪ t ə d,14
centered,s ɛ n t ɝ d,14
ceremonies,s ɛ ɹ ə m oʊ n i z,14
chancellor,tʃ æ n s ə l ɝ,14
charcoal,tʃ ɑ ɹ k oʊ l,14
chill,tʃ ɪ l,14
chuck,tʃ ʌ k,14
classified,k l æ s ə f aɪ d,14
climax,k l aɪ m æ k s,14
clung,k l ʌ ŋ,14
columbus,k ə l ʌ m b ə s,14
complaint,k ə m p l eɪ n t,14
complexity,k ə m p l ɛ k s ə t i,14
conceive,k ə n s i v,14
conditioning,k ə n d ɪ ʃ ə n ɪ ŋ,14
confederate,k ə n f ɛ d ɝ ə t,14
congregational,k ɑ ŋ ɡ ɹ ə ɡ eɪ ʃ ə n ə l,14
conjugates,k ɑ n dʒ ə ɡ eɪ t s,14
convicted,k ə n v ɪ k t ə d,14
coordinated,k oʊ ɔ ɹ d ə n eɪ t ɪ d,14
corruption,k ɝ ʌ p ʃ ə n,14
countless,k aʊ n t l ə s,14
counts,k aʊ n t s,14
coupled,k ʌ p ə l d,14
creator,k ɹ i eɪ t ɝ,14
creek,k ɹ i k,14
crimes,k ɹ aɪ m z,14
criticized,k ɹ ɪ t ə s aɪ z d,14
cups,k ʌ p s,14
custom,k ʌ s t ə m,14
customary,k ʌ s t ə m ɛ ɹ i,14
daniel,d æ n j ə l,14
dared,d ɛ ɹ d,14
daughters,d ɔ t ɝ z,14
debut,d eɪ b j u,14
decay,d ə k eɪ,14
decomposition,d i k ə m p oʊ z ɪ ʃ ə n,14
designers,d ɪ z aɪ n ɝ z,14
determines,d ə t ɝ m ə n z,14
deviation,d i v i eɪ ʃ ə n,14
diane,d aɪ æ n,14
dice,d aɪ s,14
disclosed,d ɪ s k l oʊ z d,14
discretion,d ɪ s k ɹ ɛ ʃ ə n,14
dislike,d ɪ s l aɪ k,14
dismissed,d ɪ s m ɪ s t,14
divide,d ɪ v aɪ d,14
dominican,d ə m ɪ n ə k ə n,14
draws,d ɹ ɔ z,14
driveway,d ɹ aɪ v w eɪ,14
edythe,ɛ d aɪ ð,14
egypt,i dʒ ə p t,14
eichmann,aɪ k m ə n,14
elegant,ɛ l ə ɡ ə n t,14
eligible,ɛ l ə dʒ ə b ə l,14
emancipation,ɪ m æ n s ə p eɪ ʃ ə n,14
emory,ɛ m ɝ i,14
encouragement,ɛ n k ɝ ɪ dʒ m ə n t,14
engage,ɛ n ɡ eɪ dʒ,14
enterprises,ɛ n t ɝ p ɹ aɪ z ɪ z,14
entertain,ɛ n t ɝ t eɪ n,14
evolution,ɛ v ə l u ʃ ə n,14
examiner,ɪ ɡ z æ m ə n ɝ,14
exclaimed,ɪ k s k l eɪ m d,14
executed,ɛ k s ə k j u t ə d,14
fails,f eɪ l z,14
fantasy,f æ n t ə s i,14
farewell,f ɛ ɹ w ɛ l,14
fastened,f æ s ə n d,14
favorably,f eɪ v ɝ ə b l i,14
feared,f ɪ ɹ d,14
feathers,f ɛ ð ɝ z,14
fists,f ɪ s t s,14
fix,f ɪ k s,14
flames,f l eɪ m z,14
flights,f l aɪ t s,14
flung,f l ʌ ŋ,14
fork,f ɔ ɹ k,14
foundations,f aʊ n d eɪ ʃ ə n z,14
framed,f ɹ eɪ m d,14
frightening,f ɹ aɪ t ə n ɪ ŋ,14
fruits,f ɹ u t s,14
garth,ɡ ɑ ɹ θ,14
generator,dʒ ɛ n ɝ eɪ t ɝ,14
gloom,ɡ l u m,14
gods,ɡ ɑ d z,14
gradient,ɡ ɹ eɪ d i ə n t,14
grim,ɡ ɹ ɪ m,14
grove,ɡ ɹ oʊ v,14
gum,ɡ ʌ m,14
habitat,h æ b ə t æ t,14
harlem,h ɑ ɹ l ə m,14
hats,h æ t s,14
hawk,h ɔ k,14
heap,h i p,14
heater,h i t ɝ,14
hemisphere,h ɛ m ɪ s f ɪ ɹ,14
hodges,h ɑ dʒ ɪ z,14
hopeless,h oʊ p l ə s,14
husbands,h ʌ z b ə n d z,14
iliad,ɪ l i ə d,14
illuminated,ɪ l u m ə n eɪ t ə d,14
immense,ɪ m ɛ n s,14
impersonal,ɪ m p ɝ s ə n ə l,14
incidentally,ɪ n s ɪ d ɛ n t ə l i,14
influences,ɪ n f l u ə n s ɪ z,14
influential,ɪ n f l u ɛ n tʃ ə l,14
insect,ɪ n s ɛ k t,14
instinct,ɪ n s t ɪ ŋ k t,14
intact,ɪ n t æ k t,14
intent,ɪ n t ɛ n t,14
interstate,ɪ n t ɝ s t eɪ t,14
invitations,ɪ n v ɪ t eɪ ʃ ə n z,14
irrelevant,ɪ ɹ ɛ l ə v ə n t,14
jessica,dʒ ɛ s ɪ k ə,14
joan,dʒ oʊ n,14
kent,k ɛ n t,14
kentucky,k ə n t ʌ k i,14
le,l ə,14
leap,l i p,14
lend,l ɛ n d,14
lever,l ɛ v ɝ,14
lightning,l aɪ t n ɪ ŋ,14
manpower,m æ n p aʊ ɝ,14
marty,m ɑ ɹ t i,14
merits,m ɛ ɹ ə t s,14
mild,m aɪ l d,14
minerals,m ɪ n ɝ ə l z,14
mist,m ɪ s t,14
momentum,m oʊ m ɛ n t ə m,14
monopoly,m ə n ɑ p ə l i,14
nails,n eɪ l z,14
nassau,n æ s ɔ,14
nearer,n ɪ ɹ ɝ,14
neighbor,n eɪ b ɝ,14
neon,n i ɑ n,14
odds,ɑ d z,14
odor,oʊ d ɝ,14
oldest,oʊ l d ə s t,14
ordinarily,ɔ ɹ d ə n ɛ ɹ ə l i,14
organize,ɔ ɹ ɡ ə n aɪ z,14
organs,ɔ ɹ ɡ ə n z,14
painfully,p eɪ n f ə l i,14
pairs,p ɛ ɹ z,14
paragraphs,p æ ɹ ə ɡ ɹ æ f s,14
passenger,p æ s ə n dʒ ɝ,14
pasture,p æ s tʃ ɝ,14
paths,p æ ð z,14
penalty,p ɛ n ə l t i,14
pending,p ɛ n d ɪ ŋ,14
penetrating,p ɛ n ə t ɹ eɪ t ɪ ŋ,14
pianist,p i æ n ə s t,14
picasso,p ɪ k ɑ s oʊ,14
picking,p ɪ k ɪ ŋ,14
pickup,p ɪ k ʌ p,14
pie,p aɪ,14
pine,p aɪ n,14
pit,p ɪ t,14
pity,p ɪ t i,14
plains,p l eɪ n z,14
polished,p ɑ l ɪ ʃ t,14
preferably,p ɹ ɛ f ɝ ə b l i,14
prescribed,p ɹ i s k ɹ aɪ b d,14
presidents,p ɹ ɛ z ə d ɛ n t s,14
proclamation,p ɹ ɑ k l ə m eɪ ʃ ə n,14
producers,p ɹ ə d u s ɝ z,14
profitable,p ɹ ɑ f ə t ə b ə l,14
projected,p ɹ ə dʒ ɛ k t ə d,14
prone,p ɹ oʊ n,14
proportional,p ɹ ə p ɔ ɹ ʃ ə n ə l,14
prose,p ɹ oʊ z,14
prosperity,p ɹ ɑ s p ɛ ɹ ə t i,14
protective,p ɹ ə t ɛ k t ɪ v,14
proteins,p ɹ oʊ t i n z,14
protestants,p ɹ ɑ t ə s t ə n t s,14
psychology,s aɪ k ɑ l ə dʒ i,14
publishing,p ʌ b l ɪ ʃ ɪ ŋ,14
purse,p ɝ s,14
pursued,p ɝ s u d,14
python,p aɪ θ ɑ n,14
reforms,ɹ ə f ɔ ɹ m z,14
regulation,ɹ ɛ ɡ j ə l eɪ ʃ ə n,14
relaxed,ɹ ɪ l æ k s t,14
requests,ɹ ɪ k w ɛ s t s,14
resonance,ɹ ɛ z ə n ə n s,14
restored,ɹ ɪ s t ɔ ɹ d,14
retreat,ɹ i t ɹ i t,14
revelation,ɹ ɛ v ə l eɪ ʃ ə n,14
revolver,ɹ ɪ v ɑ l v ɝ,14
ripe,ɹ aɪ p,14
ruin,ɹ u ə n,14
rupees,ɹ u p i z,14
scenery,s i n ɝ i,14
screwed,s k ɹ u d,14
scrutiny,s k ɹ u t ə n i,14
seeming,s i m ɪ ŋ,14
sensation,s ɛ n s eɪ ʃ ə n,14
sensible,s ɛ n s ə b ə l,14
shallow,ʃ æ l oʊ,14
shells,ʃ ɛ l z,14
shoe,ʃ u,14
singular,s ɪ ŋ ɡ j ə l ɝ,14
solitary,s ɑ l ə t ɛ ɹ i,14
speakers,s p i k ɝ z,14
spectrum,s p ɛ k t ɹ ə m,14
speeds,s p i d z,14
stare,s t ɛ ɹ,14
stopping,s t ɑ p ɪ ŋ,14
strips,s t ɹ ɪ p s,14
structured,s t ɹ ʌ k tʃ ɝ d,14
sunset,s ʌ n s ɛ t,14
superb,s ʊ p ɝ b,14
superiority,s u p ɪ ɹ i ɔ ɹ ɪ t i,14
survived,s ɝ v aɪ v d,14
surviving,s ɝ v aɪ v ɪ ŋ,14
sustain,s ə s t eɪ n,14
sweater,s w ɛ t ɝ,14
swiss,s w ɪ s,14
swore,s w ɔ ɹ,14
symptoms,s ɪ m p t ə m z,14
territorial,t ɛ ɹ ɪ t ɔ ɹ i ə l,14
theodore,θ i ə d ɔ ɹ,14
thou,ð aʊ,14
thoughtfully,θ ɔ t f ə l i,14
threats,θ ɹ ɛ t s,14
thunder,θ ʌ n d ɝ,14
tickets,t ɪ k ə t s,14
touches,t ʌ tʃ ə z,14
treasurer,t ɹ ɛ ʒ ɝ ɝ,14
treats,t ɹ i t s,14
ultraviolet,ʌ l t ɹ ə v aɪ ə l ɪ t,14
uncomfortable,ə n k ʌ m f ɝ t ə b ə l,14
uniforms,j u n ə f ɔ ɹ m z,14
upright,ə p ɹ aɪ t,14
upset,ə p s ɛ t,14
usage,j u s ə dʒ,14
valued,v æ l j u d,14
vigor,v ɪ ɡ ɝ,14
vocal,v oʊ k ə l,14
vulnerable,v ʌ l n ɝ ə b ə l,14
wax,w æ k s,14
weep,w i p,14
welch,w ɛ l tʃ,14
width,w ɪ d θ,14
woke,w oʊ k,14
wrapped,ɹ æ p t,14
yalta,j ɔ l t ə,14
yarn,j ɑ ɹ n,14
abilities,ə b ɪ l ə t i z,13
absorb,ə b z ɔ ɹ b,13
abundance,ə b ʌ n d ə n s,13
accelerated,æ k s ɛ l ɝ eɪ t ɪ d,13
acid,æ s ə d,13
acute,ə k j u t,13
adapted,ə d æ p t ə d,13
adjoining,ə dʒ ɔɪ n ɪ ŋ,13
adopt,ə d ɑ p t,13
afternoons,æ f t ɝ n u n z,13
alcohol,æ l k ə h ɑ l,13
aloud,ə l aʊ d,13
analogy,ə n æ l ə dʒ i,13
analyses,ə n æ l ə s i z,13
anderson,æ n d ɝ s ə n,13
antenna,æ n t ɛ n ə,13
appealed,ə p i l d,13
arch,ɑ ɹ tʃ,13
arlen,ɑ ɹ l ə n,13
assets,æ s ɛ t s,13
autistic,ɔ t ɪ s t ɪ k,13
averaged,æ v ɹ ə dʒ d,13
barbecue,b ɑ ɹ b ɪ k j u,13
beams,b i m z,13
beating,b i t ɪ ŋ,13
begged,b ɛ ɡ d,13
behave,b ɪ h eɪ v,13
behaved,b ɪ h eɪ v d,13
belonging,b ɪ l ɔ ŋ ɪ ŋ,13
biography,b aɪ ɑ ɡ ɹ ə f i,13
birmingham,b ɝ m ɪ ŋ h æ m,13
blade,b l eɪ d,13
blessed,b l ɛ s t,13
boot,b u t,13
breakdown,b ɹ eɪ k d aʊ n,13
brutality,b ɹ u t æ l ə t i,13
buddy,b ʌ d i,13
bursting,b ɝ s t ɪ ŋ,13
buzz,b ʌ z,13
cake,k eɪ k,13
carpet,k ɑ ɹ p ə t,13
casework,k eɪ s w ɝ k,13
casually,k æ ʒ ə w ə l i,13
champagne,ʃ æ m p eɪ n,13
charlotte,ʃ ɑ ɹ l ə t,13
cheeks,tʃ i k s,13
chewing,tʃ u ɪ ŋ,13
chickens,tʃ ɪ k ə n z,13
clarify,k l ɛ ɹ ə f aɪ,13
cluster,k l ʌ s t ɝ,13
collapsed,k ə l æ p s t,13
collecting,k ə l ɛ k t ɪ ŋ,13
colorado,k ɑ l ɝ ɑ d oʊ,13
commitment,k ə m ɪ t m ə n t,13
communicate,k ə m j u n ə k eɪ t,13
compass,k ʌ m p ə s,13
completing,k ə m p l i t ɪ ŋ,13
composers,k ə m p oʊ z ɝ z,13
computer,k ə m p j u t ɝ,13
conditioner,k ə n d ɪ ʃ ə n ɝ,13
conducting,k ə n d ʌ k t ɪ ŋ,13
cone,k oʊ n,13
conservation,k ɑ n s ɝ v eɪ ʃ ə n,13
consulting,k ə n s ʌ l t ɪ ŋ,13
consumed,k ə n s u m d,13
contradiction,k ɑ n t ɹ ə d ɪ k ʃ ə n,13
convey,k ə n v eɪ,13
copernicus,k ə p ɝ n ə k ə s,13
copper,k ɑ p ɝ,13
correctly,k ɝ ɛ k t l i,13
couples,k ʌ p ə l z,13
creates,k ɹ i eɪ t s,13
cruelty,k ɹ u l t i,13
cumulative,k j u m j ə l ə t ɪ v,13
curb,k ɝ b,13
curled,k ɝ l d,13
curtain,k ɝ t ə n,13
debt,d ɛ t,13
deepest,d i p ə s t,13
deer,d ɪ ɹ,13
defects,d i f ɛ k t s,13
defending,d ɪ f ɛ n d ɪ ŋ,13
democrat,d ɛ m ə k ɹ æ t,13
depot,d i p oʊ,13
depreciation,d ɪ p ɹ i ʃ i eɪ ʃ ə n,13
deputies,d ɛ p j ə t i z,13
derive,d ɝ aɪ v,13
detection,d ɪ t ɛ k ʃ ə n,13
diagnosis,d aɪ ə ɡ n oʊ s ə s,13
dictatorship,d ɪ k t eɪ t ɝ ʃ ɪ p,13
differed,d ɪ f ɝ d,13
disposition,d ɪ s p ə z ɪ ʃ ə n,13
diverse,d aɪ v ɝ s,13
diversity,d ɪ v ɝ s ə t i,13
document,d ɑ k j ə m ɛ n t,13
doses,d oʊ s ə z,13
dot,d ɑ t,13
doubtless,d aʊ t l ə s,13
dough,d oʊ,13
drainage,d ɹ eɪ n ə dʒ,13
dumb,d ʌ m,13
dwelling,d w ɛ l ɪ ŋ,13
eagerly,i ɡ ɝ l i,13
earnestly,ɝ n ə s t l i,13
ed,ɛ d,13
ego,i ɡ oʊ,13
elderly,ɛ l d ɝ l i,13
electoral,ɪ l ɛ k t ɝ ə l,13
elite,ɪ l i t,13
embrace,ɛ m b ɹ eɪ s,13
emotionally,ɪ m oʊ ʃ n ə l i,13
enabling,ɛ n eɪ b ə l ɪ ŋ,13
enters,ɛ n t ɝ z,13
equilibrium,i k w ə l ɪ b ɹ i ə m,13
erect,ɪ ɹ ɛ k t,13
ethnic,ɛ θ n ɪ k,13
evaluate,ɪ v æ l j u eɪ t,13
exaggerated,ɪ ɡ z æ dʒ ɝ eɪ t ə d,13
exerted,ɪ ɡ z ɝ t ɪ d,13
expand,ɪ k s p æ n d,13
experimentation,ɪ k s p ɛ ɹ ə m ə n t eɪ ʃ ə n,13
explaining,ɪ k s p l eɪ n ɪ ŋ,13
familiarity,f ə m ɪ l j ɛ ɹ ə t i,13
fearful,f ɪ ɹ f ə l,13
fiat,f aɪ æ t,13
fictional,f ɪ k ʃ ə n ə l,13
files,f aɪ l z,13
fits,f ɪ t s,13
fond,f ɑ n d,13
forcing,f ɔ ɹ s ɪ ŋ,13
foreigners,f ɔ ɹ ə n ɝ z,13
frankly,f ɹ æ ŋ k l i,13
frieze,f ɹ i z,13
fur,f ɝ,13
fusion,f j u ʒ ə n,13
garibaldi,ɡ æ ɹ ə b ɔ l d i,13
gentile,dʒ ɛ n t aɪ l,13
gifted,ɡ ɪ f t ə d,13
globe,ɡ l oʊ b,13
gospel,ɡ ɑ s p ə l,13
gossip,ɡ ɑ s ə p,13
graduated,ɡ ɹ æ dʒ u eɪ t ɪ d,13
grandma,ɡ ɹ æ m ɑ,13
greene,ɡ ɹ i n,13
grin,ɡ ɹ ɪ n,13
guaranteed,ɡ ɛ ɹ ə n t i d,13
handful,h æ n d f ʊ l,13
handicapped,h æ n d i k æ p t,13
handy,h æ n d i,13
hart,h ɑ ɹ t,13
helen,h ɛ l ə n,13
hino,h i n oʊ,13
hormone,h ɔ ɹ m oʊ n,13
hull,h ʌ l,13
hut,h ʌ t,13
hymen,h aɪ m ə n,13
ideology,aɪ d i ɑ l ə dʒ i,13
idle,aɪ d ə l,13
illustrations,ɪ l ə s t ɹ eɪ ʃ ə n z,13
imaginative,ɪ m æ dʒ ə n ə t ɪ v,13
imperial,ɪ m p ɪ ɹ i ə l,13
implicit,ɪ m p l ɪ s ə t,13
imply,ɪ m p l aɪ,13
incest,ɪ n s ɛ s t,13
incomplete,ɪ n k ə m p l i t,13
incorporated,ɪ n k ɔ ɹ p ɝ eɪ t ə d,13
indiana,ɪ n d i æ n ə,13
induced,ɪ n d u s t,13
inhabitants,ɪ n h æ b ə t ə n t s,13
inquirer,ɪ n k w aɪ ɹ ɝ,13
insane,ɪ n s eɪ n,13
insert,ɪ n s ɝ t,13
inspector,ɪ n s p ɛ k t ɝ,13
integral,ɪ n t ə ɡ ɹ ə l,13
invariant,ɪ n v ɛ ɹ i ə n t,13
invented,ɪ n v ɛ n t ə d,13
inventories,ɪ n v ə n t ɔ ɹ i z,13
investigators,ɪ n v ɛ s t ə ɡ eɪ t ɝ z,13
involvement,ɪ n v ɑ l v m ə n t,13
ireland,aɪ ɝ l ə n d,13
ironic,aɪ ɹ ɑ n ɪ k,13
journalism,dʒ ɝ n ə l ɪ z ə m,13
lafayette,l ɑ f i ɛ t,13
lantern,l æ n t ɝ n,13
lasting,l æ s t ɪ ŋ,13
lester,l ɛ s t ɝ,13
leveled,l ɛ v ə l d,13
lime,l aɪ m,13
linguist,l ɪ ŋ ɡ w ɪ s t,13
litigation,l ɪ t ə ɡ eɪ ʃ ə n,13
lou,l u,13
lowest,l oʊ ə s t,13
lucille,l u s i l,13
manifold,m æ n ə f oʊ l d,13
map,m æ p,13
maps,m æ p s,13
matches,m æ tʃ ə z,13
mays,m eɪ z,13
mcclellan,m ə k l ɛ l ə n,13
media,m i d i ə,13
methodist,m ɛ θ ə d ə s t,13
ministry,m ɪ n ə s t ɹ i,13
minnesota,m ɪ n ɪ s oʊ t ə,13
miserable,m ɪ z ɝ ə b ə l,13
mix,m ɪ k s,13
modernization,m ɑ d ɝ n ə z eɪ ʃ ə n,13
modified,m ɑ d ə f aɪ d,13
monitoring,m ɑ n ə t ɝ ɪ ŋ,13
monstrous,m ɑ n s t ɹ ə s,13
moonlight,m u n l aɪ t,13
mutually,m j u tʃ u ə l i,13
mythological,m ɪ θ ə l ɑ dʒ ɪ k ə l,13
nam,n æ m,13
nazi,n ɑ t s i,13
necessities,n ə s ɛ s ɪ t i z,13
nighttime,n aɪ t t aɪ m,13
nonsense,n ɑ n s ɛ n s,13
nuclei,n u k l i aɪ,13
null,n ʌ l,13
nursery,n ɝ s ɝ i,13
objected,ə b dʒ ɛ k t ə d,13
objections,ə b dʒ ɛ k ʃ ə n z,13
observing,ə b z ɝ v ɪ ŋ,13
oklahoma,oʊ k l ə h oʊ m ə,13
omitted,oʊ m ɪ t ə d,13
opponents,ə p oʊ n ə n t s,13
opposing,ə p oʊ z ɪ ŋ,13
ordering,ɔ ɹ d ɝ ɪ ŋ,13
outset,aʊ t s ɛ t,13
owns,oʊ n z,13
packard,p æ k ɝ d,13
painters,p eɪ n t ɝ z,13
pansies,p æ n z i z,13
par,p ɑ ɹ,13
paramagnetic,p æ ɹ ə m æ ɡ n ɛ t ɪ k,13
participated,p ɑ ɹ t ɪ s ə p eɪ t ə d,13
patch,p æ tʃ,13
pension,p ɛ n ʃ ə n,13
pentagon,p ɛ n t ɪ ɡ ɑ n,13
pepper,p ɛ p ɝ,13
perceive,p ɝ s i v,13
performers,p ɝ f ɔ ɹ m ɝ z,13
permanently,p ɝ m ə n ə n t l i,13
phosphor,f ɑ s f ɔ ɹ,13
pint,p aɪ n t,13
planners,p l æ n ɝ z,13
plasma,p l æ z m ə,13
politician,p ɑ l ə t ɪ ʃ ə n,13
portable,p ɔ ɹ t ə b ə l,13
posture,p ɑ s tʃ ɝ,13
praised,p ɹ eɪ z d,13
prayers,p ɹ ɛ ɹ z,13
privately,p ɹ aɪ v ə t l i,13
proclaim,p ɹ oʊ k l eɪ m,13
programing,p ɹ oʊ ɡ ɹ æ m ɪ ŋ,13
progressed,p ɹ ə ɡ ɹ ɛ s t,13
prohibition,p ɹ oʊ ə b ɪ ʃ ə n,13
promoting,p ɹ ə m oʊ t ɪ ŋ,13
propose,p ɹ ə p oʊ z,13
protested,p ɹ ə t ɛ s t ə d,13
purple,p ɝ p ə l,13
rabbi,ɹ æ b aɪ,13
radically,ɹ æ d ɪ k l i,13
rebellion,ɹ ɪ b ɛ l j ə n,13
receiver,ɹ ə s i v ɝ,13
refrigeration,ɹ ɪ f ɹ ɪ dʒ ɝ eɪ ʃ ə n,13
relieve,ɹ ɪ l i v,13
rely,ɹ ɪ l aɪ,13
remedy,ɹ ɛ m ə d i,13
remembers,ɹ ɪ m ɛ m b ɝ z,13
repetition,ɹ ɛ p ə t ɪ ʃ ə n,13
resemblance,ɹ ɪ z ɛ m b l ə n s,13
resident,ɹ ɛ z ɪ d ə n t,13
resolve,ɹ i z ɑ l v,13
restless,ɹ ɛ s t l ə s,13
restrained,ɹ i s t ɹ eɪ n d,13
reviewed,ɹ i v j u d,13
roar,ɹ ɔ ɹ,13
rockets,ɹ ɑ k ə t s,13
rocking,ɹ ɑ k ɪ ŋ,13
romance,ɹ oʊ m æ n s,13
rounds,ɹ aʊ n d z,13
rug,ɹ ʌ ɡ,13
safely,s eɪ f l i,13
sally,s æ l i,13
satisfying,s æ t ɪ s f aɪ ɪ ŋ,13
scotland,s k ɑ t l ə n d,13
scream,s k ɹ i m,13
sealed,s i l d,13
sector,s ɛ k t ɝ,13
sells,s ɛ l z,13
sentences,s ɛ n t ə n s ə z,13
separately,s ɛ p ɝ ə t l i,13
shades,ʃ eɪ d z,13
shattered,ʃ æ t ɝ d,13
shy,ʃ aɪ,13
sincerity,s ɪ n s ɛ ɹ ə t i,13
singers,s ɪ ŋ ɝ z,13
sinister,s ɪ n ɪ s t ɝ,13
sisters,s ɪ s t ɝ z,13
skeletal,s k ɛ l ə t ə l,13
slice,s l aɪ s,13
slightest,s l aɪ t ə s t,13
smallest,s m ɔ l ə s t,13
solidarity,s ɑ l ə d ɛ ɹ ə t i,13
solids,s ɑ l ə d z,13
sox,s ɑ k s,13
specimens,s p ɛ s ə m ə n z,13
spectators,s p ɛ k t eɪ t ɝ z,13
spokesman,s p oʊ k s m ə n,13
spokesmen,s p oʊ k s m ɪ n,13
sprang,s p ɹ æ ŋ,13
spur,s p ɝ,13
squares,s k w ɛ ɹ z,13
stability,s t ə b ɪ l ɪ t i,13
standpoint,s t æ n d p ɔɪ n t,13
statewide,s t eɪ t w aɪ d,13
static,s t æ t ɪ k,13
statute,s t æ tʃ u t,13
statutory,s t æ tʃ ə t ɔ ɹ i,13
steep,s t i p,13
stimulation,s t ɪ m j ə l eɪ ʃ ə n,13
streetcar,s t ɹ i t k ɑ ɹ,13
subsection,s ʌ b s ɛ k ʃ ə n,13
suburb,s ʌ b ɝ b,13
suggesting,s ə ɡ dʒ ɛ s t ɪ ŋ,13
sunny,s ʌ n i,13
supplying,s ə p l aɪ ɪ ŋ,13
survivors,s ɝ v aɪ v ɝ z,13
suspicious,s ə s p ɪ ʃ ə s,13
sweeping,s w i p ɪ ŋ,13
taxed,t æ k s t,13
tempted,t ɛ m p t ə d,13
thayer,θ eɪ ɝ,13
therapeutic,θ ɛ ɹ ə p j u t ɪ k,13
tips,t ɪ p s,13
tissues,t ɪ s j u z,13
toilet,t ɔɪ l ə t,13
ton,t ʌ n,13
tory,t ɔ ɹ i,13
tower,t aʊ ɝ,13
transparent,t ɹ æ n s p ɛ ɹ ə n t,13
tribune,t ɹ ɪ b j u n,13
tries,t ɹ aɪ z,13
truman,t ɹ u m ə n,13
tub,t ʌ b,13
tumbled,t ʌ m b ə l d,13
un,ʌ n,13
unaware,ʌ n ə w ɛ ɹ,13
understandable,ʌ n d ɝ s t æ n d ə b ə l,13
undertake,ʌ n d ɝ t eɪ k,13
undue,ə n d u,13
unfair,ə n f ɛ ɹ,13
unlimited,ə n l ɪ m ə t ə d,13
utter,ʌ t ɝ,13
vigorously,v ɪ ɡ ɝ ə s l i,13
virus,v aɪ ɹ ə s,13
visitor,v ɪ z ə t ɝ,13
vocabulary,v oʊ k æ b j ə l ɛ ɹ i,13
walks,w ɔ k s,13
waving,w eɪ v ɪ ŋ,13
whoever,h u ɛ v ɝ,13
wires,w aɪ ɝ z,13
witnessed,w ɪ t n ə s t,13
yale,j eɪ l,13
youngest,j ʌ ŋ ɡ ə s t,13
absorption,ə b z ɔ ɹ p ʃ ə n,12
accounting,ə k aʊ n t ɪ ŋ,12
acknowledge,æ k n ɑ l ɪ dʒ,12
acknowledged,æ k n ɑ l ɪ dʒ d,12
acquainted,ə k w eɪ n t ɪ d,12
actively,æ k t ɪ v l i,12
ad,æ d,12
adjacent,ə dʒ eɪ s ə n t,12
adolescent,æ d ə l ɛ s ə n t,12
advisers,æ d v aɪ z ɝ z,12
affirm,ə f ɝ m,12
andrew,æ n d ɹ u,12
andrus,æ n d ɹ ə s,12
antibody,æ n t ɪ b ɑ d i,12
antigen,æ n t ə dʒ ə n,12
antique,æ n t i k,12
ardent,ɑ ɹ d ə n t,12
aspirations,æ s p ɝ eɪ ʃ ə n z,12
atlas,æ t l ə s,12
attendance,ə t ɛ n d ə n s,12
attendant,ə t ɛ n d ə n t,12
attributes,æ t ɹ ə b j u t s,12
babies,b eɪ b i z,12
bake,b eɪ k,12
ballot,b æ l ə t,12
baptized,b æ p t aɪ z d,12
bastard,b æ s t ɝ d,12
beds,b ɛ d z,12
beethoven,b eɪ t oʊ v ə n,12
benjamin,b ɛ n dʒ ə m ə n,12
bits,b ɪ t s,12
blades,b l eɪ d z,12
blew,b l u,12
blindness,b l aɪ n d n ə s,12
blocked,b l ɑ k t,12
bloom,b l u m,12
boil,b ɔɪ l,12
borders,b ɔ ɹ d ɝ z,12
breaks,b ɹ eɪ k s,12
bryan,b ɹ aɪ ə n,12
bubble,b ʌ b ə l,12
butt,b ʌ t,12
cab,k æ b,12
calculation,k æ l k j ə l eɪ ʃ ə n,12
cane,k eɪ n,12
canyon,k æ n j ə n,12
cappy,k æ p i,12
carryover,k ɛ ɹ j oʊ v ɝ,12
cavity,k æ v ə t i,12
ceased,s i s t,12
challenging,tʃ æ l ə n dʒ ɪ ŋ,12
choices,tʃ ɔɪ s ə z,12
chris,k ɹ ɪ s,12
churchill,tʃ ɝ tʃ ɪ l,12
cigarettes,s ɪ ɡ ɝ ɛ t s,12
clergy,k l ɝ dʒ i,12
climb,k l aɪ m,12
coatings,k oʊ t ɪ ŋ z,12
coincide,k oʊ ɪ n s aɪ d,12
collaboration,k ə l æ b ɝ eɪ ʃ ə n,12
combustion,k ə m b ʌ s tʃ ə n,12
comfortably,k ʌ m f ɝ t ə b l i,12
compact,k ɑ m p æ k t,12
compounded,k ə m p aʊ n d ə d,12
congolese,k ɑ n ɡ ə l i z,12
consciously,k ɑ n ʃ ə s l i,12
construct,k ə n s t ɹ ʌ k t,12
consultant,k ə n s ʌ l t ə n t,12
contended,k ə n t ɛ n d ɪ d,12
contraction,k ə n t ɹ æ k ʃ ə n,12
controversial,k ɑ n t ɹ ə v ɝ ʃ ə l,12
convert,k ɑ n v ɝ t,12
cooler,k u l ɝ,12
cooper,k u p ɝ,12
correspondent,k ɔ ɹ ə s p ɑ n d ə n t,12
couch,k aʊ tʃ,12
counting,k aʊ n t ɪ ŋ,12
crashed,k ɹ æ ʃ t,12
credited,k ɹ ɛ d ə t ə d,12
crest,k ɹ ɛ s t,12
crossroads,k ɹ ɔ s ɹ oʊ d z,12
crowds,k ɹ aʊ d z,12
cultures,k ʌ l tʃ ɝ z,12
currency,k ɝ ə n s i,12
daring,d ɛ ɹ ɪ ŋ,12
deaf,d ɛ f,12
debts,d ɛ t s,12
decides,d ɪ s aɪ d z,12
deciding,d ə s aɪ d ɪ ŋ,12
deduct,d ɪ d ʌ k t,12
deduction,d ɪ d ʌ k ʃ ə n,12
defenses,d ɪ f ɛ n s ə z,12
deficit,d ɛ f ə s ə t,12
delphine,d ɛ l f i n i,12
demographic,d ɛ m ə ɡ ɹ æ f ɪ k,12
dental,d ɛ n t ə l,12
dentist,d ɛ n t ə s t,12
dependence,d ɪ p ɛ n d ə n s,12
deserve,d ɪ z ɝ v,12
deserved,d ɪ z ɝ v d,12
detached,d ɪ t æ tʃ t,12
detected,d ɪ t ɛ k t ə d,12
dialogue,d aɪ ə l ɔ ɡ,12
dialysis,d aɪ æ l ə s ə s,12
dies,d aɪ z,12
dill,d ɪ l,12
dimly,d ɪ m l i,12
discount,d ɪ s k aʊ n t,12
distinctly,d ɪ s t ɪ ŋ k t l i,12
dolls,d ɑ l z,12
downstairs,d aʊ n s t ɛ ɹ z,12
durable,d ʊ ɹ ə b ə l,12
dwight,d w aɪ t,12
earl,ɝ l,12
eaten,i t ə n,12
effected,ɪ f ɛ k t ə d,12
egg,ɛ ɡ,12
elevator,ɛ l ə v eɪ t ɝ,12
employ,ɛ m p l ɔɪ,12
enabled,ɛ n eɪ b ə l d,12
enacted,ɛ n æ k t ə d,12
entertaining,ɛ n t ɝ t eɪ n ɪ ŋ,12
episode,ɛ p ə s oʊ d,12
equality,ɪ k w ɑ l ə t i,12
essex,ɛ s ɪ k s,12
everyday,ɛ v ɹ i d eɪ,12
evidenced,ɛ v ɪ d ə n s t,12
expended,ɪ k s p ɛ n d ɪ d,12
explore,ɪ k s p l ɔ ɹ,12
extends,ɪ k s t ɛ n d z,12
faithful,f eɪ θ f ə l,12
fashionable,f æ ʃ ə n ə b ə l,12
favorites,f eɪ v ɝ ɪ t s,12
feeds,f i d z,12
fifties,f ɪ f t i z,12
flies,f l aɪ z,12
floating,f l oʊ t ɪ ŋ,12
floors,f l ɔ ɹ z,12
focused,f oʊ k ə s t,12
foliage,f oʊ l ɪ dʒ,12
foremost,f ɔ ɹ m oʊ s t,12
formulaic,f ɔ ɹ m j ə l eɪ ɪ k,12
fox,f ɑ k s,12
freed,f ɹ i d,12
frowning,f ɹ aʊ n ɪ ŋ,12
fulfillment,f ʊ l f ɪ l m ə n t,12
functioning,f ʌ ŋ k ʃ ə n ɪ ŋ,12
furiously,f j ʊ ɹ i ə s l i,12
gabriel,ɡ eɪ b ɹ i ə l,12
garry,ɡ æ ɹ i,12
gasoline,ɡ æ s ə l i n,12
gauge,ɡ eɪ dʒ,12
gaze,ɡ eɪ z,12
grandfather,ɡ ɹ æ n d f ɑ ð ɝ,12
grey,ɡ ɹ eɪ,12
grill,ɡ ɹ ɪ l,12
gripped,ɡ ɹ ɪ p t,12
guam,ɡ w ɑ m,12
guerrilla,ɡ ɝ ɪ l ə,12
hairs,h ɛ ɹ z,12
halted,h ɔ l t ə d,12
hardened,h ɑ ɹ d ə n d,12
harsh,h ɑ ɹ ʃ,12
harvest,h ɑ ɹ v ə s t,12
hazard,h æ z ɝ d,12
herbert,h ɝ b ɝ t,12
hetman,h ɛ t m ə n,12
holidays,h ɑ l ə d eɪ z,12
hollow,h ɑ l oʊ,12
honestly,ɑ n ə s t l i,12
honorable,ɑ n ɝ ə b ə l,12
hopeful,h oʊ p f ə l,12
housed,h aʊ z d,12
howe,h aʊ,12
icy,aɪ s i,12
ignorant,ɪ ɡ n ɝ ə n t,12
impulses,ɪ m p ə l s ɪ z,12
incentive,ɪ n s ɛ n t ɪ v,12
independently,ɪ n d ɪ p ɛ n d ə n t l i,12
indictment,ɪ n d aɪ t m ə n t,12
individualism,ɪ n d ɪ v ɪ d u ə l ɪ z ə m,12
infrared,ɪ n f ɹ ɝ ɛ d,12
initiated,ɪ n ɪ ʃ i eɪ t ə d,12
inning,ɪ n ɪ ŋ,12
insoluble,ɪ n s ɑ l j ə b ə l,12
inspect,ɪ n s p ɛ k t,12
installation,ɪ n s t ə l eɪ ʃ ə n,12
instituted,ɪ n s t ə t u t ə d,12
intellectuals,ɪ n t ə l ɛ k tʃ u ə l z,12
interpretations,ɪ n t ɝ p ɹ ɪ t eɪ ʃ ə n z,12
intersections,ɪ n t ɝ s ɛ k ʃ ə n z,12
interviewed,ɪ n t ɝ v j u d,12
irony,aɪ ɹ ə n i,12
jerked,dʒ ɝ k t,12
joel,dʒ oʊ ə l,12
joints,dʒ ɔɪ n t s,12
ken,k ɛ n,12
kicking,k ɪ k ɪ ŋ,12
korea,k ɔ ɹ i ə,12
landlord,l æ n d l ɔ ɹ d,12
lasted,l æ s t ə d,12
lately,l eɪ t l i,12
layer,l eɪ ɝ,12
laying,l eɪ ɪ ŋ,12
leaf,l i f,12
lens,l ɛ n z,12
lighter,l aɪ t ɝ,12
limp,l ɪ m p,12
liquidation,l ɪ k w ɪ d eɪ ʃ ə n,12
logically,l ɑ dʒ ɪ k l i,12
loosely,l u s l i,12
louder,l aʊ d ɝ,12
lousy,l aʊ z i,12
luminous,l u m ə n ə s,12
lyric,l ɪ ɹ ɪ k,12
magical,m æ dʒ ɪ k ə l,12
maids,m eɪ d z,12
maker,m eɪ k ɝ,12
manned,m æ n d,12
maria,m ɝ i ə,12
max,m æ k s,12
meantime,m i n t aɪ m,12
meats,m i t s,12
meltzer,m ɛ l t s ɝ,12
mercenaries,m ɝ s ə n ɛ ɹ i z,12
metaphysics,m ɛ t ə f ɪ z ɪ k s,12
mexicans,m ɛ k s ɪ k ə n z,12
microorganisms,m aɪ k ɹ oʊ ɔ ɹ ɡ ə n ɪ z ə m z,12
mineral,m ɪ n ɝ ə l,12
mining,m aɪ n ɪ ŋ,12
ministers,m ɪ n ə s t ɝ z,12
molded,m oʊ l d ə d,12
monroe,m ə n ɹ oʊ,12
monsieur,m ə s j ɝ,12
murders,m ɝ d ɝ z,12
nazis,n ɑ t s i z,12
nearing,n ɪ ɹ ɪ ŋ,12
neglect,n ə ɡ l ɛ k t,12
nerve,n ɝ v,12
nigger,n ɪ ɡ ɝ,12
ninety,n aɪ n t i,12
nitrogen,n aɪ t ɹ ə dʒ ə n,12
nod,n ɑ d,12
nomination,n ɑ m ə n eɪ ʃ ə n,12
nowadays,n aʊ ə d eɪ z,12
ominous,ɑ m ə n ə s,12
organ,ɔ ɹ ɡ ə n,12
outline,aʊ t l aɪ n,12
overall,oʊ v ɝ ɔ l,12
palazzo,p ə l ɑ z oʊ,12
paradise,p ɛ ɹ ə d aɪ s,12
paragraph,p æ ɹ ə ɡ ɹ æ f,12
parochial,p ɝ oʊ k i ə l,12
passionate,p æ ʃ ə n ə t,12
passions,p æ ʃ ə n z,12
patrolman,p ə t ɹ oʊ l m æ n,12
pearson,p ɪ ɹ s ə n,12
peasants,p ɛ z ə n t s,12
perceived,p ɝ s i v d,12
persians,p ɝ ʒ ə n z,12
phony,f oʊ n i,12
pirates,p aɪ ɹ ə t s,12
pleading,p l i d ɪ ŋ,12
plow,p l aʊ,12
poised,p ɔɪ z d,12
poles,p oʊ l z,12
pops,p ɑ p s,12
populated,p ɑ p j ə l eɪ t ə d,12
porous,p ɔ ɹ ə s,12
pray,p ɹ eɪ,12
prayed,p ɹ eɪ d,12
premium,p ɹ i m i ə m,12
presumed,p ɹ ə z u m d,12
pretending,p ɹ i t ɛ n d ɪ ŋ,12
privacy,p ɹ aɪ v ə s i,12
proceeding,p ɹ ə s i d ɪ ŋ,12
processed,p ɹ ɑ s ɛ s t,12
promoted,p ɹ ə m oʊ t ə d,12
provinces,p ɹ ɑ v ə n s ə z,12
ptolemaic,t ɑ l ə m eɪ ɪ k,12
purity,p j ʊ ɹ ə t i,12
quaint,k w eɪ n t,12
raced,ɹ eɪ s t,12
railway,ɹ eɪ l w eɪ,12
reacted,ɹ i æ k t ə d,12
realizing,ɹ i l aɪ z ɪ ŋ,12
recalls,ɹ i k ɔ l z,12
requested,ɹ ɪ k w ɛ s t ɪ d,12
resort,ɹ ɪ z ɔ ɹ t,12
restaurants,ɹ ɛ s t ɝ ɑ n t s,12
resultant,ɹ i z ʌ l t ə n t,12
retention,ɹ i t ɛ n ʃ ə n,12
rhythms,ɹ ɪ ð ə m z,12
ribbon,ɹ ɪ b ə n,12
richardson,ɹ ɪ tʃ ɝ d s ə n,12
richmond,ɹ ɪ tʃ m ə n d,12
riders,ɹ aɪ d ɝ z,12
rival,ɹ aɪ v ə l,12
rockefeller,ɹ ɑ k ə f ɛ l ɝ,12
russell,ɹ ʌ s ə l,12
sadly,s æ d l i,12
sail,s eɪ l,12
salesman,s eɪ l z m ə n,12
saloon,s ə l u n,12
sansom,s æ n s ə m,12
scratching,s k ɹ æ tʃ ɪ ŋ,12
selkirk,s ɛ l k ɝ k,12
sermon,s ɝ m ə n,12
settlers,s ɛ t l ɝ z,12
shelf,ʃ ɛ l f,12
shelley,ʃ ɛ l i,12
silk,s ɪ l k,12
sixteenth,s ɪ k s t i n θ,12
sizes,s aɪ z ə z,12
skies,s k aɪ z,12
smoothly,s m u ð l i,12
snap,s n æ p,12
sodium,s oʊ d i ə m,12
solemn,s ɑ l ə m,12
someday,s ʌ m d eɪ,12
sorts,s ɔ ɹ t s,12
soviets,s oʊ v i ɛ t s,12
spark,s p ɑ ɹ k,12
staggered,s t æ ɡ ɝ d,12
statesman,s t eɪ t s m ə n,12
stereo,s t ɛ ɹ i oʊ,12
stereotype,s t ɛ ɹ i ə t aɪ p,12
stones,s t oʊ n z,12
stray,s t ɹ eɪ,12
strengthening,s t ɹ ɛ ŋ θ ə n ɪ ŋ,12
strokes,s t ɹ oʊ k s,12
stubborn,s t ʌ b ɝ n,12
successive,s ə k s ɛ s ɪ v,12
summit,s ʌ m ə t,12
supposedly,s ə p oʊ z ə d l i,12
surveys,s ɝ v eɪ z,12
suspension,s ə s p ɛ n ʃ ə n,12
swallowed,s w ɑ l oʊ d,12
switzerland,s w ɪ t s ɝ l ə n d,12
swollen,s w oʊ l ə n,12
synthetic,s ɪ n θ ɛ t ɪ k,12
tank,t æ ŋ k,12
tar,t ɑ ɹ,12
technicians,t ɛ k n ɪ ʃ ə n z,12
temper,t ɛ m p ɝ,12
temptation,t ɛ m t eɪ ʃ ə n,12
tenure,t ɛ n j ɝ,12
terminal,t ɝ m ə n ə l,12
terminate,t ɝ m ə n eɪ t,12
theatrical,θ i æ t ɹ ɪ k ə l,12
therapy,θ ɛ ɹ ə p i,12
thy,ð aɪ,12
tilted,t ɪ l t ə d,12
tin,t ɪ n,12
tires,t aɪ ɝ z,12
titled,t aɪ t ə l d,12
tourists,t ʊ ɹ ə s t s,12
traced,t ɹ eɪ s t,12
tracks,t ɹ æ k s,12
trailers,t ɹ eɪ l ɝ z,12
tribes,t ɹ aɪ b z,12
trigger,t ɹ ɪ ɡ ɝ,12
trot,t ɹ ɑ t,12
trujillo,t ɹ u h i oʊ,12
turkish,t ɝ k ɪ ʃ,12
turmoil,t ɝ m ɔɪ l,12
twins,t w ɪ n z,12
unadjusted,ʌ n ə dʒ ʌ s t ɪ d,12
undergoing,ʌ n d ɝ ɡ oʊ ɪ ŋ,12
unlocked,ə n l ɑ k t,12
unstructured,ə n s t ɹ ʌ k ʃ ɝ d,12
unwed,ə n w ɛ d,12
urgency,ɝ dʒ ə n s i,12
vapor,v eɪ p ɝ,12
vessels,v ɛ s ə l z,12
villages,v ɪ l ə dʒ ə z,12
violently,v aɪ ə l ə n t l i,12
watercolor,w ɔ t ɝ k ʌ l ɝ,12
wayne,w eɪ n,12
wealthy,w ɛ l θ i,12
welcomed,w ɛ l k ə m d,12
whipped,w ɪ p t,12
whisper,w ɪ s p ɝ,12
winchester,w ɪ n tʃ ɛ s t ɝ,12
wrinkled,ɹ ɪ ŋ k ə l d,12
yang,j æ ŋ,12
yearly,j ɪ ɹ l i,12
yielded,j i l d ə d,12
youthful,j u θ f ə l,12
accumulation,ə k j u m j ə l eɪ ʃ ə n,11
acquiring,ə k w aɪ ɹ ɪ ŋ,11
acreage,eɪ k ɝ ɪ dʒ,11
acrylic,ə k ɹ ɪ l ɪ k,11
adjusting,ə dʒ ʌ s t ɪ ŋ,11
adopting,ə d ɑ p t ɪ ŋ,11
adoption,ə d ɑ p ʃ ə n,11
adverse,æ d v ɝ s,11
afforded,ə f ɔ ɹ d ə d,11
agreeable,ə ɡ ɹ i ə b ə l,11
agrees,ə ɡ ɹ i z,11
aided,eɪ d ə d,11
airplane,ɛ ɹ p l eɪ n,11
albany,ɔ l b ə n i,11
alternate,ɔ l t ɝ n ə t,11
amazed,ə m eɪ z d,11
ambiguity,æ m b ɪ ɡ j u ə t i,11
angles,æ ŋ ɡ ə l z,11
anglican,æ ŋ ɡ l ə k ə n,11
anticipate,æ n t ɪ s ə p eɪ t,11
appetite,æ p ə t aɪ t,11
appreciated,ə p ɹ i ʃ i eɪ t ɪ d,11
apprehension,æ p ɹ ɪ h ɛ n ʃ ə n,11
appropriated,ə p ɹ oʊ p ɹ i eɪ t ɪ d,11
approximate,ə p ɹ ɑ k s ə m ə t,11
archaeology,ɑ ɹ k i ɑ l ə dʒ i,11
arched,ɑ ɹ tʃ t,11
architecture,ɑ ɹ k ə t ɛ k tʃ ɝ,11
arising,ɝ aɪ z ɪ ŋ,11
array,ɝ eɪ,11
artillery,ɑ ɹ t ɪ l ɝ i,11
ash,æ ʃ,11
assemblies,ə s ɛ m b l i z,11
assistants,ə s ɪ s t ə n t s,11
australia,ɔ s t ɹ eɪ l j ə,11
autonomic,ɔ t ə n ɑ m ɪ k,11
avoiding,ə v ɔɪ d ɪ ŋ,11
awkward,ɑ k w ɝ d,11
bands,b æ n d z,11
barbed,b ɑ ɹ b d,11
barnett,b ɑ ɹ n ɛ t,11
baroque,b ɝ oʊ k,11
bee,b i,11
beg,b ɛ ɡ,11
beneficial,b ɛ n ə f ɪ ʃ ə l,11
blankets,b l æ ŋ k ə t s,11
blond,b l ɑ n d,11
boredom,b ɔ ɹ d ə m,11
boulevard,b ʊ l ə v ɑ ɹ d,11
breast,b ɹ ɛ s t,11
bronze,b ɹ ɑ n z,11
burial,b ɛ ɹ i ə l,11
buys,b aɪ z,11
calcium,k æ l s i ə m,11
calendars,k æ l ə n d ɝ z,11
calf,k æ f,11
calmly,k ɑ m l i,11
carriage,k æ ɹ ɪ dʒ,11
carriers,k æ ɹ i ɝ z,11
catastrophe,k ə t æ s t ɹ ə f i,11
cement,s ə m ɛ n t,11
census,s ɛ n s ə s,11
chambers,tʃ eɪ m b ɝ z,11
cheaper,tʃ i p ɝ,11
childish,tʃ aɪ l d ɪ ʃ,11
choosing,tʃ u z ɪ ŋ,11
chronic,k ɹ ɑ n ɪ k,11
civilized,s ɪ v ə l aɪ z d,11
claude,k l ɔ d,11
cliff,k l ɪ f,11
climbing,k l aɪ m ɪ ŋ,11
coexistence,k oʊ ɪ ɡ z ɪ s t ə n s,11
cohesive,k oʊ h i s ɪ v,11
coincidence,k oʊ ɪ n s ɪ d ə n s,11
commanding,k ə m æ n d ɪ ŋ,11
commercially,k ə m ɝ ʃ ə l i,11
commissions,k ə m ɪ ʃ ə n z,11
communion,k ə m j u n j ə n,11
compartment,k ə m p ɑ ɹ t m ə n t,11
compilation,k ɑ m p ə l eɪ ʃ ə n,11
complain,k ə m p l eɪ n,11
compound,k ɑ m p aʊ n d,11
comprise,k ə m p ɹ aɪ z,11
computing,k ə m p j u t ɪ ŋ,11
conceded,k ə n s i d ɪ d,11
conceivable,k ə n s i v ə b ə l,11
concentrate,k ɑ n s ə n t ɹ eɪ t,11
concerto,k ə n tʃ ɛ ɹ t oʊ,11
conclusive,k ə n k l u s ɪ v,11
confess,k ə n f ɛ s,11
congruence,k ɔ n ɡ ɹ u ə n s,11
constituted,k ɑ n s t ə t u t ə d,11
constitutes,k ɑ n s t ə t u t s,11
consult,k ə n s ʌ l t,11
contrasting,k ə n t ɹ æ s t ɪ ŋ,11
contrasts,k ɑ n t ɹ æ s t s,11
convincing,k ə n v ɪ n s ɪ ŋ,11
cooperate,k oʊ ɑ p ɝ eɪ t,11
counterparts,k aʊ n t ɝ p ɑ ɹ t s,11
crawl,k ɹ ɔ l,11
crept,k ɹ ɛ p t,11
criteria,k ɹ aɪ t ɪ ɹ i ə,11
criterion,k ɹ aɪ t ɪ ɹ i ə n,11
criticisms,k ɹ ɪ t ɪ s ɪ z ə m z,11
crombie,k ɹ ɑ m b i,11
cubism,k j u b ɪ z ə m,11
cult,k ʌ l t,11
curiously,k j ʊ ɹ i ə s l i,11
curse,k ɝ s,11
cursed,k ɝ s t,11
cylindrical,s ə l ɪ n d ɹ ɪ k ə l,11
dash,d æ ʃ,11
declares,d ɪ k l ɛ ɹ z,11
deductions,d ɪ d ʌ k ʃ ə n z,11
deficiency,d ɪ f ɪ ʃ ə n s i,11
del,d ɛ l,11
delegation,d ɛ l ə ɡ eɪ ʃ ə n,11
depressed,d ɪ p ɹ ɛ s t,11
descent,d ɪ s ɛ n t,11
develops,d ɪ v ɛ l ə p s,11
dillon,d ɪ l ə n,11
dimensional,d ɪ m ɛ n ʃ ə n ə l,11
disagreement,d ɪ s ə ɡ ɹ i m ə n t,11
disappear,d ɪ s ə p ɪ ɹ,11
disarmament,d ɪ s ɑ ɹ m ə m ə n t,11
disciplined,d ɪ s ə p l ə n d,11
discrepancy,d ɪ s k ɹ ɛ p ə n s i,11
disguised,d ɪ s ɡ aɪ z d,11
disliked,d ɪ s l aɪ k t,11
distorted,d ɪ s t ɔ ɹ t ə d,11
dodge,d ɑ dʒ,11
dominance,d ɑ m ə n ə n s,11
dose,d oʊ s,11
dots,d ɑ t s,11
doubled,d ʌ b ə l d,11
dozens,d ʌ z ə n z,11
drastic,d ɹ æ s t ɪ k,11
dreaming,d ɹ i m ɪ ŋ,11
drifting,d ɹ ɪ f t ɪ ŋ,11
drum,d ɹ ʌ m,11
duke,d u k,11
duration,d ʊ ɹ eɪ ʃ ə n,11
dylan,d ɪ l ə n,11
easter,i s t ɝ,11
eccentric,ɪ k s ɛ n t ɹ ɪ k,11
economically,ɛ k ə n ɑ m ɪ k l i,11
edwin,ɛ d w ə n,11
eighty,eɪ t i,11
electrons,ɪ l ɛ k t ɹ ɑ n z,11
elemental,ɛ l ə m ɛ n t ə l,11
elevated,ɛ l ə v eɪ t ɪ d,11
eloquent,ɛ l ə k w ə n t,11
embarrassing,ɪ m b ɛ ɹ ə s ɪ ŋ,11
enclosed,ɛ n k l oʊ z d,11
endured,ɛ n d j ʊ ɹ d,11
energetic,ɛ n ɝ dʒ ɛ t ɪ k,11
energies,ɛ n ɝ dʒ i z,11
enlisted,ɛ n l ɪ s t ɪ d,11
ensemble,ɑ n s ɑ m b ə l,11
entertained,ɛ n t ɝ t eɪ n d,11
entities,ɛ n t ɪ t i z,11
enzymes,ɛ n z aɪ m z,11
epidemic,ɛ p ə d ɛ m ɪ k,11
equitable,ɛ k w ə t ə b ə l,11
evaluated,ɪ v æ l j u eɪ t ə d,11
eventual,ə v ɛ n tʃ u ə l,11
exert,ɪ ɡ z ɝ t,11
expectation,ɛ k s p ɛ k t eɪ ʃ ə n,11
expenditure,ɪ k s p ɛ n d ə tʃ ɝ,11
explored,ɪ k s p l ɔ ɹ d,11
exports,ɛ k s p ɔ ɹ t s,11
facility,f ə s ɪ l ɪ t i,11
fatigue,f ə t i ɡ,11
ferry,f ɛ ɹ i,11
finite,f aɪ n aɪ t,11
fixing,f ɪ k s ɪ ŋ,11
flush,f l ʌ ʃ,11
foregoing,f ɔ ɹ ɡ oʊ ɪ ŋ,11
formulated,f ɔ ɹ m j ə l eɪ t ə d,11
formulations,f ɔ ɹ m j u l eɪ ʃ ə n z,11
forthcoming,f ɔ ɹ θ k ʌ m ɪ ŋ,11
framework,f ɹ eɪ m w ɝ k,11
frantic,f ɹ æ n t ɪ k,11
freeman,f ɹ i m ə n,11
frighten,f ɹ aɪ t ə n,11
frustration,f ɹ ə s t ɹ eɪ ʃ ə n,11
fulfilled,f ʊ l f ɪ l d,11
furnace,f ɝ n ə s,11
generated,dʒ ɛ n ɝ eɪ t ə d,11
ghetto,ɡ ɛ t oʊ,11
ghost,ɡ oʊ s t,11
gifts,ɡ ɪ f t s,11
glaze,ɡ l eɪ z,11
goddamn,ɡ ɑ d d æ m,11
graduation,ɡ ɹ æ dʒ u eɪ ʃ ə n,11
grasped,ɡ ɹ æ s p t,11
greatness,ɡ ɹ eɪ t n ə s,11
grimly,ɡ ɹ ɪ m l i,11
gymnastics,dʒ ɪ m n æ s t ɪ k s,11
hampshire,h æ m p ʃ ɝ,11
happier,h æ p i ɝ,11
hardest,h ɑ ɹ d ə s t,11
hardware,h ɑ ɹ d w ɛ ɹ,11
haven,h eɪ v ə n,11
herald,h ɛ ɹ ə l d,11
hideous,h ɪ d i ə s,11
hillsboro,h ɪ l z b ɝ oʊ,11
hiroshima,h ɪ ɹ oʊ ʃ i m ə,11
histories,h ɪ s t ɝ i z,11
hogan,h oʊ ɡ ɑ n,11
honeymoon,h ʌ n i m u n,11
hong,h ɔ ŋ,11
hub,h ʌ b,11
improves,ɪ m p ɹ u v z,11
incapable,ɪ n k eɪ p ə b ə l,11
incidents,ɪ n s ə d ə n t s,11
indifferent,ɪ n d ɪ f ɹ ə n t,11
infancy,ɪ n f ə n s i,11
infant,ɪ n f ə n t,11
injuries,ɪ n dʒ ɝ i z,11
inorganic,ɪ n ɔ ɹ ɡ æ n ɪ k,11
instrumental,ɪ n s t ɹ ə m ɛ n t ə l,11
integrated,ɪ n t ə ɡ ɹ eɪ t ə d,11
intelligible,ɪ n t ɛ l ə dʒ ə b ə l,11
interim,ɪ n t ɝ ə m,11
interpret,ɪ n t ɝ p ɹ ə t,11
introduce,ɪ n t ɹ ə d u s,11
invested,ɪ n v ɛ s t ə d,11
investigate,ɪ n v ɛ s t ə ɡ eɪ t,11
invite,ɪ n v aɪ t,11
jimmy,dʒ ɪ m i,11
juice,dʒ u s,11
keen,k i n,11
kehl,k ɛ l,11
kong,k ɔ ŋ,11
korean,k ɔ ɹ i ə n,11
kremlin,k ɹ ɛ m l ə n,11
leisure,l ɛ ʒ ɝ,11
lengthy,l ɛ ŋ θ i,11
liking,l aɪ k ɪ ŋ,11
limiting,l ɪ m ə t ɪ ŋ,11
linguists,l ɪ ŋ ɡ w ɪ s t s,11
loading,l oʊ d ɪ ŋ,11
locally,l oʊ k ə l i,11
locating,l oʊ k eɪ t ɪ ŋ,11
log,l ɔ ɡ,11
magnum,m æ ɡ n ə m,11
mahayana,m ɑ h ə j ɑ n ə,11
mainland,m eɪ n l æ n d,11
manufactured,m æ n j ə f æ k tʃ ɝ d,11
marines,m ɝ i n z,11
marking,m ɑ ɹ k ɪ ŋ,11
marvelous,m ɑ ɹ v ə l ə s,11
maxwell,m æ k s w ɛ l,11
mcbride,m ə k b ɹ aɪ d,11
mckinley,m ə k ɪ n l i,11
memorable,m ɛ m ɝ ə b ə l,11
meters,m i t ɝ z,11
michael,m aɪ k ə l,11
midwest,m ɪ d w ɛ s t,11
militia,m ə l ɪ ʃ ə,11
mill,m ɪ l,11
misunderstanding,m ɪ s ə n d ɝ s t æ n d ɪ ŋ,11
moist,m ɔɪ s t,11
moritz,m ɔ ɹ ɪ t s,11
mortar,m ɔ ɹ t ɝ,11
motivation,m oʊ t ə v eɪ ʃ ə n,11
mound,m aʊ n d,11
mounting,m aʊ n t ɪ ŋ,11
muffled,m ʌ f ə l d,11
nailed,n eɪ l d,11
narrator,n ɛ ɹ eɪ t ɝ,11
natives,n eɪ t ɪ v z,11
necessitated,n ə s ɛ s ə t eɪ t ə d,11
needless,n i d l ə s,11
nominal,n ɑ m ə n ə l,11
noticeable,n oʊ t ə s ə b ə l,11
nucleus,n u k l i ə s,11
obtainable,ə b t eɪ n ə b ə l,11
occupational,ɑ k j ə p eɪ ʃ ə n ə l,11
odyssey,ɑ d ə s i,11
oregon,ɔ ɹ ə ɡ ə n,11
oriented,ɔ ɹ i ɛ n t ə d,11
orioles,ɔ ɹ i oʊ l z,11
outcomes,aʊ t k ʌ m z,11
overt,oʊ v ɝ t,11
paced,p eɪ s t,11
paradoxically,p ɛ ɹ ə d ɑ k s ə k l i,11
parish,p æ ɹ ɪ ʃ,11
partial,p ɑ ɹ ʃ ə l,11
paso,p æ s oʊ,11
passive,p æ s ɪ v,11
pavement,p eɪ v m ə n t,11
perfection,p ɝ f ɛ k ʃ ə n,11
phillips,f ɪ l ɪ p s,11
philosophic,f ɪ l ə s ɑ f ɪ k,11
photographic,f oʊ t ə ɡ ɹ æ f ɪ k,11
pituitary,p ə t u ə t ɛ ɹ i,11
planted,p l æ n t ə d,11
plea,p l i,11
plowing,p l aʊ ɪ ŋ,11
plymouth,p l ɪ m ə θ,11
pohl,p oʊ l,11
politically,p ə l ɪ t ɪ k ə l i,11
pollen,p ɑ l ə n,11
poorly,p ʊ ɹ l i,11
portions,p ɔ ɹ ʃ ə n z,11
pose,p oʊ z,11
posse,p ɑ s i,11
possessions,p ə z ɛ ʃ ə n z,11
posted,p oʊ s t ɪ d,11
postwar,p oʊ s t w ɔ ɹ,11
poultry,p oʊ l t ɹ i,11
preacher,p ɹ i tʃ ɝ,11
prejudice,p ɹ ɛ dʒ ə d ɪ s,11
preoccupied,p ɹ i ɑ k j ə p aɪ d,11
presbyterian,p ɹ ɛ s b ɪ t ɪ ɹ i ə n,11
preserves,p ɹ ə z ɝ v z,11
presidency,p ɹ ɛ z ə d ə n s i,11
prompt,p ɹ ɑ m p t,11
proprietor,p ɹ ə p ɹ aɪ ə t ɝ,11
protestantism,p ɹ ɑ t ə s t ə n t ɪ z ə m,11
protests,p ɹ oʊ t ɛ s t s,11
proven,p ɹ u v ə n,11
psychologists,s aɪ k ɑ l ə dʒ ə s t s,11
publishers,p ʌ b l ɪ ʃ ɝ z,11
pulley,p ʊ l i,11
pump,p ʌ m p,11
quantities,k w ɑ n t ə t i z,11
quint,k w ɪ n t,11
quo,k w oʊ,11
rabbit,ɹ æ b ə t,11
rake,ɹ eɪ k,11
reconstruction,ɹ i k ə n s t ɹ ʌ k ʃ ə n,11
recordings,ɹ ɪ k ɔ ɹ d ɪ ŋ z,11
recover,ɹ ɪ k ʌ v ɝ,11
reef,ɹ i f,11
regretted,ɹ ɪ ɡ ɹ ɛ t ɪ d,11
rejection,ɹ ɪ dʒ ɛ k ʃ ə n,11
rejects,ɹ ɪ dʒ ɛ k t s,11
render,ɹ ɛ n d ɝ,11
rendering,ɹ ɛ n d ɝ ɪ ŋ,11
repaired,ɹ ɪ p ɛ ɹ d,11
respected,ɹ ɪ s p ɛ k t ɪ d,11
restoration,ɹ ɛ s t ɝ eɪ ʃ ə n,11
restraint,ɹ ɪ s t ɹ eɪ n t,11
restrict,ɹ i s t ɹ ɪ k t,11
retain,ɹ ɪ t eɪ n,11
reunion,ɹ i u n j ə n,11
rev,ɹ ɛ v,11
revealing,ɹ ɪ v i l ɪ ŋ,11
rhythmic,ɹ ɪ ð m ɪ k,11
ribs,ɹ ɪ b z,11
rolls,ɹ oʊ l z,11
ross,ɹ ɑ s,11
rotating,ɹ oʊ t eɪ t ɪ ŋ,11
rotation,ɹ oʊ t eɪ ʃ ə n,11
rubbing,ɹ ʌ b ɪ ŋ,11
sanction,s æ ŋ k ʃ ə n,11
sanitation,s æ n ə t eɪ ʃ ə n,11
satisfactorily,s æ t ɪ s f æ k t ɹ ə l i,11
schoolhouse,s k u l h aʊ s,11
script,s k ɹ ɪ p t,11
scriptures,s k ɹ ɪ p tʃ ɝ z,11
sculpture,s k ʌ l p tʃ ɝ,11
secured,s ɪ k j ʊ ɹ d,11
settling,s ɛ t ə l ɪ ŋ,11
seventeenth,s ɛ v ə n t i n θ,11
sexes,s ɛ k s ə z,11
shaft,ʃ æ f t,11
shaken,ʃ eɪ k ə n,11
shed,ʃ ɛ d,11
shifting,ʃ ɪ f t ɪ ŋ,11
shivering,ʃ ɪ v ɝ ɪ ŋ,11
showmanship,ʃ oʊ m ə n ʃ ɪ p,11
sigh,s aɪ,11
sleeve,s l i v,11
sliding,s l aɪ d ɪ ŋ,11
smiles,s m aɪ l z,11
snatched,s n æ tʃ t,11
sociological,s oʊ s i ə l ɑ dʒ ɪ k ə l,11
sometime,s ʌ m t aɪ m,11
spaces,s p eɪ s ə z,11
specify,s p ɛ s ə f aɪ,11
spelman,s p ɛ l m ə n,11
spinning,s p ɪ n ɪ ŋ,11
spit,s p ɪ t,11
sprawled,s p ɹ ɔ l d,11
squarely,s k w ɛ ɹ l i,11
squeeze,s k w i z,11
strained,s t ɹ eɪ n d,11
streams,s t ɹ i m z,11
strenuous,s t ɹ ɛ n j u ə s,11
strict,s t ɹ ɪ k t,11
subdivision,s ʌ b d ɪ v ɪ ʒ ə n,11
subsequently,s ʌ b s ə k w ə n t l i,11
surgeon,s ɝ dʒ ə n,11
swelling,s w ɛ l ɪ ŋ,11
symbolized,s ɪ m b ə l aɪ z d,11
taxation,t æ k s eɪ ʃ ə n,11
taxpayer,t æ k s p eɪ ɝ,11
teaches,t i tʃ ə z,11
tear,t ɛ ɹ,11
tender,t ɛ n d ɝ,11
testified,t ɛ s t ə f aɪ d,11
theaters,θ i ə t ɝ z,11
thirteen,θ ɝ t i n,11
thoughtful,θ ɔ t f ə l,11
threaten,θ ɹ ɛ t ə n,11
tide,t aɪ d,11
timing,t aɪ m ɪ ŋ,11
timothy,t ɪ m ə θ i,11
tomb,t u m,11
tony,t oʊ n i,11
towels,t aʊ ə l z,11
towering,t aʊ ɝ ɪ ŋ,11
toys,t ɔɪ z,11
trailer,t ɹ eɪ l ɝ,11
transfers,t ɹ æ n s f ɝ z,11
treating,t ɹ i t ɪ ŋ,11
treatments,t ɹ i t m ə n t s,11
trivial,t ɹ ɪ v i ə l,11
tropical,t ɹ ɑ p ɪ k ə l,11
trusted,t ɹ ʌ s t ɪ d,11
twisting,t w ɪ s t ɪ ŋ,11
tyranny,t ɪ ɹ ə n i,11
unanimously,j u n æ n ə m ə s l i,11
undergraduate,ʌ n d ɝ ɡ ɹ æ dʒ ə w ə t,11
underneath,ʌ n d ɝ n i θ,11
unexpectedly,ʌ n ɪ k s p ɛ k t ɪ d l i,11
unified,j u n ə f aɪ d,11
uniformity,j u n ə f ɔ ɹ m ə t i,11
unprecedented,ə n p ɹ ɛ s ɪ d ɛ n t ɪ d,11
unquestionably,ə n k w ɛ s tʃ ə n ə b l i,11
unusually,ə n j u ʒ ə w ə l i,11
usefulness,j u s f ə l n ə s,11
vacant,v eɪ k ə n t,11
varies,v ɛ ɹ i z,11
vases,v eɪ s ə z,11
venus,v i n ə s,11
vince,v ɪ n s,11
viola,v aɪ oʊ l ə,11
violin,v aɪ ə l ɪ n,11
vivian,v ɪ v i ə n,11
waist,w eɪ s t,11
waking,w eɪ k ɪ ŋ,11
walnut,w ɔ l n ʌ t,11
warn,w ɔ ɹ n,11
wart,w ɔ ɹ t,11
weights,w eɪ t s,11
wells,w ɛ l z,11
wholesome,h oʊ l s ə m,11
wilderness,w ɪ l d ɝ n ə s,11
willie,w ɪ l i,11
willingness,w ɪ l ɪ ŋ n ə s,11
winslow,w ɪ n z l oʊ,11
wired,w aɪ ɝ d,11
wonderfully,w ʌ n d ɝ f ə l i,11
ye,j i,11
youths,j u ð z,11
zone,z oʊ n,11
abandonment,ə b æ n d ə n m ə n t,10
abolition,æ b ə l ɪ ʃ ə n,10
accomplishments,ə k ɑ m p l ɪ ʃ m ə n t s,10
accuse,ə k j u z,10
acre,eɪ k ɝ,10
adaptation,æ d ə p t eɪ ʃ ə n,10
adds,æ d z,10
admirable,æ d m ɝ ə b ə l,10
admiration,æ d m ɝ eɪ ʃ ə n,10
admire,æ d m aɪ ɹ,10
ads,æ d z,10
aggression,ə ɡ ɹ ɛ ʃ ə n,10
akin,ə k ɪ n,10
alas,ə l æ s,10
alleged,ə l ɛ dʒ d,10
allotted,ə l ɑ t ɪ d,10
amazement,ə m eɪ z m ə n t,10
analyze,æ n ə l aɪ z,10
applicants,æ p l ɪ k ə n t s,10
argues,ɑ ɹ ɡ j u z,10
arguing,ɑ ɹ ɡ j u ɪ ŋ,10
arrange,ɝ eɪ n dʒ,10
asian,eɪ ʒ ə n,10
assuring,ə ʃ ʊ ɹ ɪ ŋ,10
averages,æ v ɹ ɪ dʒ ɪ z,10
awfully,ɑ f l i,10
bags,b æ ɡ z,10
balloon,b ə l u n,10
barbara,b ɑ ɹ b ɝ ə,10
baton,b ə t ɑ n,10
bearded,b ɪ ɹ d ə d,10
begging,b ɛ ɡ ɪ ŋ,10
bite,b aɪ t,10
bleak,b l i k,10
blessing,b l ɛ s ɪ ŋ,10
bloc,b l ɑ k,10
bolt,b oʊ l t,10
bounds,b aʊ n d z,10
brandt,b ɹ æ n t,10
bushes,b ʊ ʃ ə z,10
buttons,b ʌ t ə n z,10
cautious,k ɔ ʃ ə s,10
chains,tʃ eɪ n z,10
champions,tʃ æ m p i ə n z,10
cheerful,tʃ ɪ ɹ f ə l,10
chester,tʃ ɛ s t ɝ,10
cites,s aɪ t s,10
clergyman,k l ɝ dʒ i m ə n,10
clients,k l aɪ ə n t s,10
clues,k l u z,10
coarse,k ɔ ɹ s,10
coin,k ɔɪ n,10
combining,k ə m b aɪ n ɪ ŋ,10
commercials,k ə m ɝ ʃ ə l z,10
competitors,k ə m p ɛ t ə t ɝ z,10
compiled,k ə m p aɪ l d,10
compositions,k ɑ m p ə z ɪ ʃ ə n z,10
compulsive,k ə m p ʌ l s ɪ v,10
conceivably,k ə n s i v ə b l i,10
conform,k ə n f ɔ ɹ m,10
confronting,k ə n f ɹ ʌ n t ɪ ŋ,10
congressmen,k ɑ ŋ ɡ ɹ ə s m ɪ n,10
conrad,k ɑ n ɹ æ d,10
conscientious,k ɑ n ʃ i ɛ n ʃ ə s,10
consecutive,k ə n s ɛ k j ə t ɪ v,10
conservatism,k ə n s ɝ v ə t ɪ z ə m,10
constituents,k ə n s t ɪ tʃ u ə n t s,10
consultation,k ɑ n s ə l t eɪ ʃ ə n,10
contributes,k ə n t ɹ ɪ b j u t s,10
conversations,k ɑ n v ɝ s eɪ ʃ ə n z,10
convertible,k ə n v ɝ t ə b ə l,10
cooked,k ʊ k t,10
coordinate,k oʊ ɔ ɹ d ə n ə t,10
costume,k ɑ s t u m,10
counseling,k aʊ n s ə l ɪ ŋ,10
crushed,k ɹ ʌ ʃ t,10
cultivated,k ʌ l t ə v eɪ t ə d,10
danced,d æ n s t,10
deadlock,d ɛ d l ɑ k,10
decency,d i s ə n s i,10
declaring,d ɪ k l ɛ ɹ ɪ ŋ,10
defendants,d ɪ f ɛ n d ə n t s,10
deficiencies,d ɪ f ɪ ʃ ə n s i z,10
denying,d ɪ n aɪ ɪ ŋ,10
departing,d ɪ p ɑ ɹ t ɪ ŋ,10
deposited,d ə p ɑ z ɪ t ɪ d,10
descending,d ɪ s ɛ n d ɪ ŋ,10
devoting,d ɪ v oʊ t ɪ ŋ,10
diagnostic,d aɪ ə ɡ n ɑ s t ɪ k,10
diagram,d aɪ ə ɡ ɹ æ m,10
dialect,d aɪ ə l ɛ k t,10
diminished,d ɪ m ɪ n ɪ ʃ t,10
disabled,d ɪ s eɪ b ə l d,10
discourse,d ɪ s k ɔ ɹ s,10
discoveries,d ɪ s k ʌ v ɝ i z,10
distilled,d ɪ s t ɪ l d,10
distributions,d ɪ s t ɹ ə b j u ʃ ə n z,10
disturb,d ɪ s t ɝ b,10
disturbance,d ɪ s t ɝ b ə n s,10
dramatically,d ɹ ə m æ t ɪ k l i,10
drastically,d ɹ æ s t ɪ k l i,10
dreadful,d ɹ ɛ d f ə l,10
dresses,d ɹ ɛ s ə z,10
drexel,d ɹ ɛ k s ə l,10
dumont,d u m ɑ n t,10
earthy,ɝ θ i,10
echo,ɛ k oʊ,10
editions,ɪ d ɪ ʃ ə n z,10
editorials,ɛ d ə t ɔ ɹ i ə l z,10
eleanor,ɛ l ə n ɔ ɹ,10
elegance,ɛ l ə ɡ ə n s,10
elephants,ɛ l ə f ə n t s,10
ellen,ɛ l ə n,10
embodiment,ɛ m b ɑ d i m ə n t,10
emma,ɛ m ə,10
enduring,ɛ n d j ʊ ɹ ɪ ŋ,10
enjoys,ɛ n dʒ ɔɪ z,10
entity,ɛ n t ə t i,10
evans,ɛ v ə n z,10
exceeds,ɪ k s i d z,10
exhibited,ɪ ɡ z ɪ b ə t ə d,10
export,ɛ k s p ɔ ɹ t,10
expressway,ɪ k s p ɹ ɛ s w eɪ,10
extensively,ɪ k s t ɛ n s ɪ v l i,10
favors,f eɪ v ɝ z,10
feminine,f ɛ m ə n ə n,10
finals,f aɪ n ə l z,10
fleeing,f l i ɪ ŋ,10
flock,f l ɑ k,10
folly,f ɑ l i,10
forecast,f ɔ ɹ k æ s t,10
forum,f ɔ ɹ ə m,10
founder,f aʊ n d ɝ,10
fragile,f ɹ æ dʒ ə l,10
framing,f ɹ eɪ m ɪ ŋ,10
frustrated,f ɹ ʌ s t ɹ eɪ t ə d,10
gazette,ɡ ə z ɛ t,10
generals,dʒ ɛ n ɝ ə l z,10
genuinely,dʒ ɛ n j ə w ə n l i,10
gigantic,dʒ aɪ ɡ æ n t ɪ k,10
glowing,ɡ l oʊ ɪ ŋ,10
goldberg,ɡ oʊ l d b ɝ ɡ,10
gordon,ɡ ɔ ɹ d ə n,10
grief,ɡ ɹ i f,10
guiding,ɡ aɪ d ɪ ŋ,10
hail,h eɪ l,10
halfback,h æ f b æ k,10
halt,h ɔ l t,10
hansen,h æ n s ə n,10
hawksley,h ɔ k s l i,10
hazards,h æ z ɝ d z,10
hebrew,h i b ɹ u,10
hello,h ə l oʊ,10
herman,h ɝ m ə n,10
herr,h ɛ ɹ,10
hesitate,h ɛ z ə t eɪ t,10
hints,h ɪ n t s,10
hip,h ɪ p,10
honesty,ɑ n ə s t i,10
huddled,h ʌ d ə l d,10
huff,h ʌ f,10
hunt,h ʌ n t,10
hysterical,h ɪ s t ɛ ɹ ɪ k ə l,10
ideally,aɪ d i l i,10
immigrants,ɪ m ə ɡ ɹ ə n t s,10
immigration,ɪ m ə ɡ ɹ eɪ ʃ ə n,10
impatience,ɪ m p eɪ ʃ ə n s,10
imperative,ɪ m p ɛ ɹ ə t ɪ v,10
implication,ɪ m p l ə k eɪ ʃ ə n,10
indebted,ɪ n d ɛ t ə d,10
indignant,ɪ n d ɪ ɡ n ə n t,10
insists,ɪ n s ɪ s t s,10
integrity,ɪ n t ɛ ɡ ɹ ə t i,10
intensely,ɪ n t ɛ n s l i,10
intricate,ɪ n t ɹ ə k ə t,10
isaac,aɪ z ə k,10
journalist,dʒ ɝ n ə l ə s t,10
julie,dʒ u l i,10
knit,n ɪ t,10
larkin,l ɑ ɹ k ɪ n,10
layers,l eɪ ɝ z,10
lease,l i s,10
leonard,l ɛ n ɝ d,10
licked,l ɪ k t,10
lifetime,l aɪ f t aɪ m,10
likelihood,l aɪ k l i h ʊ d,10
limitation,l ɪ m ɪ t eɪ ʃ ə n,10
listener,l ɪ s ə n ɝ,10
lloyd,l ɔɪ d,10
loads,l oʊ d z,10
longing,l ɔ ŋ ɪ ŋ,10
looming,l u m ɪ ŋ,10
lovers,l ʌ v ɝ z,10
luggage,l ʌ ɡ ə dʒ,10
magnification,m æ ɡ n ə f ə k eɪ ʃ ə n,10
majestic,m ə dʒ ɛ s t ɪ k,10
managerial,m æ n ɪ dʒ ɪ ɹ i ə l,10
margaret,m ɑ ɹ ɡ ɝ ɪ t,10
margin,m ɑ ɹ dʒ ə n,10
marina,m ɝ i n ə,10
marital,m ɛ ɹ ə t ə l,10
masterpiece,m æ s t ɝ p i s,10
mastery,m æ s t ɝ i,10
mates,m eɪ t s,10
meek,m i k,10
megatons,m ɛ ɡ ə t ʌ n z,10
melodies,m ɛ l ə d i z,10
mercury,m ɝ k j ɝ i,10
merge,m ɝ dʒ,10
miscellaneous,m ɪ s ə l eɪ n i ə s,10
misfortune,m ɪ s f ɔ ɹ tʃ ə n,10
misleading,m ɪ s l i d ɪ ŋ,10
missionaries,m ɪ ʃ ə n ɛ ɹ i z,10
mister,m ɪ s t ɝ,10
mob,m ɑ b,10
monks,m ʌ ŋ k s,10
mornings,m ɔ ɹ n ɪ ŋ z,10
mortal,m ɔ ɹ t ə l,10
mouse,m aʊ s,10
multiply,m ʌ l t ə p l aɪ,10
museums,m j u z i ə m z,10
nationally,n æ ʃ ə n ə l i,10
negotiate,n ə ɡ oʊ ʃ i eɪ t,10
neurotic,n ʊ ɹ ɑ t ɪ k,10
newman,n u m ə n,10
nickname,n ɪ k n eɪ m,10
nonetheless,n ʌ n ð ə l ɛ s,10
norm,n ɔ ɹ m,10
obstacle,ɑ b s t ə k ə l,10
occurrences,ə k ɝ ə n s ɪ z,10
oily,ɔɪ l i,10
outward,aʊ t w ɝ d,10
owe,oʊ,10
paste,p eɪ s t,10
patches,p æ tʃ ə z,10
patriot,p eɪ t ɹ i ə t,10
patriotic,p eɪ t ɹ i ɑ t ɪ k,10
patronage,p æ t ɹ ə n ɪ dʒ,10
perfume,p ɝ f j u m,10
persian,p ɝ ʒ ə n,10
persisted,p ɝ s ɪ s t ə d,10
philharmonic,f ɪ l h ɑ ɹ m ɑ n ɪ k,10
pious,p aɪ ə s,10
pleasantly,p l ɛ z ə n t l i,10
pleasing,p l i z ɪ ŋ,10
poison,p ɔɪ z ə n,10
polaris,p oʊ l ɛ ɹ ə s,10
politely,p ə l aɪ t l i,10
polls,p oʊ l z,10
pony,p oʊ n i,10
pork,p ɔ ɹ k,10
pratt,p ɹ æ t,10
prediction,p ɹ i d ɪ k ʃ ə n,10
presenting,p ɹ ɪ z ɛ n t ɪ ŋ,10
preserving,p ɹ ə z ɝ v ɪ ŋ,10
presiding,p ɹ ɪ z aɪ d ɪ ŋ,10
preventing,p ɹ ɪ v ɛ n t ɪ ŋ,10
prevents,p ɹ ɪ v ɛ n t s,10
princess,p ɹ ɪ n s ɛ s,10
principally,p ɹ ɪ n s ɪ p l i,10
prints,p ɹ ɪ n t s,10
privileged,p ɹ ɪ v l ə dʒ d,10
privileges,p ɹ ɪ v l ə dʒ ə z,10
professionals,p ɹ ə f ɛ ʃ ə n ə l z,10
projections,p ɹ ə dʒ ɛ k ʃ ə n z,10
prostitution,p ɹ ɑ s t ə t u ʃ ə n,10
puzzle,p ʌ z ə l,10
queens,k w i n z,10
radioactive,ɹ eɪ d i oʊ æ k t ɪ v,10
rag,ɹ æ ɡ,10
rally,ɹ æ l i,10
ramsey,ɹ æ m z i,10
ranges,ɹ eɪ n dʒ ə z,10
ration,ɹ æ ʃ ə n,10
reared,ɹ ɪ ɹ d,10
recognizes,ɹ ɛ k ə ɡ n aɪ z ə z,10
recognizing,ɹ ɛ k ə ɡ n aɪ z ɪ ŋ,10
recruit,ɹ ə k ɹ u t,10
refusing,ɹ ə f j u z ɪ ŋ,10
reject,ɹ ɪ dʒ ɛ k t,10
replies,ɹ ɪ p l aɪ z,10
representations,ɹ ɛ p ɹ ə z ə n t eɪ ʃ ə n z,10
reservoir,ɹ ɛ z ə v w ɑ ɹ,10
restrain,ɹ i s t ɹ eɪ n,10
retrieved,ɹ i t ɹ i v d,10
reviewing,ɹ i v j u ɪ ŋ,10
revulsion,ɹ ɪ v ʌ l ʃ ə n,10
richards,ɹ ɪ tʃ ɝ d z,10
rides,ɹ aɪ d z,10
ringing,ɹ ɪ ŋ ɪ ŋ,10
risen,ɹ ɪ z ə n,10
riverside,ɹ ɪ v ɝ s aɪ d,10
robbed,ɹ ɑ b d,10
robbery,ɹ ɑ b ɝ i,10
rocky,ɹ ɑ k i,10
romans,ɹ oʊ m ə n z,10
rotary,ɹ oʊ t ɝ i,10
rushing,ɹ ʌ ʃ ɪ ŋ,10
rusk,ɹ ʌ s k,10
rust,ɹ ʌ s t,10
sands,s æ n d z,10
sandwich,s æ n d w ɪ tʃ,10
scars,s k ɑ ɹ z,10
schedules,s k ɛ dʒ ʊ l z,10
scottish,s k ɑ t ɪ ʃ,10
se,s aʊ θ i s t,10
seas,s i z,10
secede,s ɪ s i d,10
sectors,s ɛ k t ɝ z,10
seeks,s i k s,10
segment,s ɛ ɡ m ə n t,10
segregation,s ɛ ɡ ɹ ə ɡ eɪ ʃ ə n,10
semester,s ə m ɛ s t ɝ,10
seminary,s ɛ m ə n ɛ ɹ i,10
senators,s ɛ n ə t ɝ z,10
sensations,s ɛ n s eɪ ʃ ə n z,10
serene,s ɝ i n,10
sewer,s u ɝ,10
sewing,s oʊ ɪ ŋ,10
shea,ʃ eɪ,10
simmons,s ɪ m ə n z,10
simplest,s ɪ m p l ə s t,10
singer,s ɪ ŋ ɝ,10
singled,s ɪ ŋ ɡ ə l d,10
sings,s ɪ ŋ z,10
slashed,s l æ ʃ t,10
slate,s l eɪ t,10
slaughter,s l ɔ t ɝ,10
slug,s l ʌ ɡ,10
solidly,s ɑ l ə d l i,10
sore,s ɔ ɹ,10
specialization,s p ɛ ʃ ə l ə z eɪ ʃ ə n,10
sponsors,s p ɑ n s ɝ z,10
spreads,s p ɹ ɛ d z,10
stacy,s t eɪ s i,10
steak,s t eɪ k,10
stole,s t oʊ l,10
streak,s t ɹ i k,10
subsistence,s ə b s ɪ s t ə n s,10
summoned,s ʌ m ə n d,10
sunrise,s ʌ n ɹ aɪ z,10
swallow,s w ɑ l oʊ,10
sweden,s w i d ə n,10
systematically,s ɪ s t ə m æ t ɪ k l i,10
tackle,t æ k ə l,10
tastes,t eɪ s t s,10
theft,θ ɛ f t,10
thesis,θ i s ə s,10
thumb,θ ʌ m,10
token,t oʊ k ə n,10
topics,t ɑ p ɪ k s,10
tops,t ɑ p s,10
tougher,t ʌ f ɝ,10
tours,t ʊ ɹ z,10
traditionally,t ɹ ə d ɪ ʃ ə n ə l i,10
tremble,t ɹ ɛ m b ə l,10
tremendously,t ɹ ə m ɛ n d ə s l i,10
tune,t u n,10
turnpikes,t ɝ n p aɪ k s,10
twenties,t w ɛ n t i z,10
typewriter,t aɪ p ɹ aɪ t ɝ,10
unconsciously,ʌ n k ɑ n ʃ ə s l i,10
underdeveloped,ʌ n d ɝ d ɪ v ɛ l ə p t,10
undergone,ʌ n d ɝ ɡ ɔ n,10
undesirable,ʌ n d ɪ z aɪ ɹ ə b ə l,10
unfamiliar,ʌ n f ə m ɪ l j ɝ,10
uniquely,j u n i k l i,10
unite,j u n aɪ t,10
urging,ɝ dʒ ɪ ŋ,10
utilize,j u t ə l aɪ z,10
vain,v eɪ n,10
vegetable,v ɛ dʒ t ə b ə l,10
vengeance,v ɛ n dʒ ə n s,10
vent,v ɛ n t,10
veto,v i t oʊ,10
viewing,v j u ɪ ŋ,10
vitamins,v aɪ t ə m ə n z,10
void,v ɔɪ d,10
wales,w eɪ l z,10
warmed,w ɔ ɹ m d,10
warsaw,w ɔ ɹ s ɔ,10
waterfront,w ɔ t ɝ f ɹ ʌ n t,10
wheeled,w i l d,10
whirling,w ɝ l ɪ ŋ,10
witty,w ɪ t i,10
wool,w ʊ l,10
zinc,z ɪ ŋ k,10
